channel_id,trending_video_count,subscriber_count,video_count,trending_ratio
UC-2Y8dQb0S6DtpxNgAKoJKA,6,16600000.0,25818.0,0.00023239600278875203
UC-8Q-hLdECwQmaWNwXitYDw,2,24300000.0,185.0,0.010810810810810811
UC-CSyyi47VX1lD9zyeABW3w,4,30000000.0,703.0,0.005689900426742532
UC-FQUIVQ-bZiefzBiQAa8Fw,16,8460000.0,4306.0,0.0037157454714352067
UC-J-KZfRV8c13fOCkhXdLiQ,3,24400000.0,318.0,0.009433962264150943
UC-JFyL0zDFOsPMpuWu39rPA,50,12300000.0,570655.0,8.761861369829406e-05
UC-WMwOzgFdvvGVLB1EZ-n-w,1,2280000.0,1342.0,0.0007451564828614009
UC-XWpctw55Q6b_AHo8rkJgw,31,1460000.0,3903.0,0.007942608250064053
UC-awjwg4N6lWu1TSK1ostjQ,1,3270000.0,297.0,0.003367003367003367
UC-f7r46JhYv78q5pGrO6ivA,11,6570000.0,454730.0,2.419017878741231e-05
UC-hVdQvK3h7WowzTeH97Yyw,97,1420000.0,5484.0,0.017687819110138586
UC-j7LP4at37y3uNTdWLq-vQ,5,4750000.0,506.0,0.009881422924901186
UC-lHJZR3Gqxm24_Vd_AJ5Yw,44,110000000.0,4650.0,0.00946236559139785
UC-lJ-F5mlPP6SYPkkq6gjwA,153,8050000.0,28347.0,0.005397396549899461
UC-yXuc1__OzjwpsJPlxYUCQ,13,27500000.0,7338.0,0.0017715998909784683
UC-yewGHQbNFpDrGM0diZOLA,1,956000.0,119.0,0.008403361344537815
UC07Kxew-cMIaykMOkzqHtBQ,2,8880000.0,242.0,0.008264462809917356
UC0AwRymrRJffcSyD-rJwATQ,9,6410000.0,36122.0,0.0002491556392226344
UC0C-w0YjGpqDXGB8IHb662A,5,58500000.0,704.0,0.007102272727272727
UC0IWRLai-BAwci_e9MylNGw,3,12200000.0,1097.0,0.0027347310847766638
UC0KiGuCTrehqzSQ7ikjxSQw,5,2710000.0,1039.0,0.004812319538017324
UC0M0rxSz3IF0CsSour1iWmw,3,3940000.0,1894.0,0.0015839493136219642
UC0VOyT2OCBKdQhF3BAbZ-1g,1,17400000.0,232.0,0.004310344827586207
UC0WP5P-ufpRfjbNrmOWwLBQ,2,38800000.0,202.0,0.009900990099009901
UC0k238zFx-Z8xFH0sxCrPJg,2,7630000.0,1116.0,0.0017921146953405018
UC0p5tBJyylhgBXS9BhjWmow,2,1430000.0,103.0,0.019417475728155338
UC0x7BynaZB91oDBp8UT7sXw,18,594000.0,52.0,0.34615384615384615
UC14UlmYlSNiQCBe9Eookf_A,10,24300000.0,14117.0,0.0007083658000991712
UC15sUwufvfo5Z62KBZVzHRQ,11,5200000.0,2801.0,0.003927168868261335
UC16niRr50-MSBwiO3YDb3RA,12,18700000.0,27025.0,0.0004440333024976873
UC1Dw9pjaXVxGDd3dyzWa2sg,1,445000.0,962.0,0.0010395010395010396
UC1OFDlfdRb6ma1ZGZd07gWA,1,10400000.0,921.0,0.0010857763300760044
UC1SqP7_RfOC9Jf9L_GRHANg,2,10500000.0,144.0,0.013888888888888888
UC1cVTv6C0Unv6TtadjBvYRA,2,1280000.0,4414.0,0.00045310376076121433
UC1l7wYrva1qCH-wgqcHaaRg,5,27600000.0,984.0,0.00508130081300813
UC1oPBUWifc0QOOY8DEKhLuQ,29,6310000.0,14916.0,0.0019442209707696432
UC1yBKRuGpC1tSM73A0ZjYjQ,1,6290000.0,69211.0,1.4448570313967433e-05
UC2-_WWPT_124iN6jiym4fOw,1,3860000.0,1841.0,0.0005431830526887561
UC20vb-R_px4CguHzzBPhoyQ,6,24400000.0,105.0,0.05714285714285714
UC22nIfOTM7KLIQuFGMKzQbg,27,67700000.0,20816.0,0.0012970791698693313
UC23ROAqt3prjnS89uHwcaaQ,2,5620000.0,128.0,0.015625
UC295-Dw_tDNtZXFeAPAW6Aw,106,81000000.0,7856.0,0.0134928716904277
UC2EWGw-KBjEReUbXMJEiaCA,6,5830000.0,6710.0,0.0008941877794336811
UC2Eegs0TkCr-DWcztKO5AIw,1,1710000.0,98.0,0.01020408163265306
UC2GXNqco-k7fwg2SMM6SAzQ,21,16000000.0,7730.0,0.0027166882276843467
UC2JcFCoSQnxqmeMxvA49Vjg,4,6620000.0,1400.0,0.002857142857142857
UC2SfCLE_jQgPwXQCWqwVIEw,1,2670000.0,35704.0,2.8008066323101054e-05
UC2VaztKkSwcaZwGJ-tuMAZQ,1,406000.0,53.0,0.018867924528301886
UC2WuPTt0k8yDJpfenggOAVQ,1,13000000.0,1501.0,0.0006662225183211193
UC2a9zmrdjvLsrRgi4G4blWw,1,2260000.0,141.0,0.0070921985815602835
UC2bkHVIDjXS7sgrgjFtzOXQ,1,1550000.0,113.0,0.008849557522123894
UC2pmfLm7iq6Ov1UwYrWYkZA,1,20000000.0,2368.0,0.0004222972972972973
UC2vlpX8sNDBmPcY_1_QSGJg,2,6730000.0,3687.0,0.0005424464334147003
UC2ziCMHFPWkFHjocUMXT__Q,15,7190000.0,199750.0,7.509386733416771e-05
UC3339WgBDKIcxTfywuSmG8w,1,30300000.0,56729.0,1.7627668388302278e-05
UC3Bcyw-o2hM016tLWfxM0WQ,3,2080000.0,23979.0,0.00012510947078693858
UC3Df9-SvQY9BbfCmyvR0J5A,2,2770000.0,149.0,0.013422818791946308
UC3PYGKK29qJ0zu-eEthHK4g,2,17300000.0,208410.0,9.59646849959215e-06
UC3XTzVzaHQEd30rQbuvCtTQ,13,10000000.0,880.0,0.014772727272727272
UC3ZkCd7XtUREnjjt3cyY_gg,7,43300000.0,108183.0,6.470517548967952e-05
UC3ar28GS6o1p0m_wabfk2zw,5,29700000.0,1822.0,0.0027442371020856204
UC3ifTl5zKiCAhHIBQYcaTeg,3,8880000.0,2171.0,0.0013818516812528789
UC3jMepkLKF8y4iiwWmAB3RA,4,4330000.0,2136.0,0.0018726591760299626
UC3jOd7GUMhpgJRBhiLzuLsg,2,27800000.0,67.0,0.029850746268656716
UC3oQ1986eLZ4MhyPBiu54PA,45,15600000.0,9825.0,0.004580152671755725
UC3rQdmWlTWyk_dGRHuV0_GA,3,641000.0,386.0,0.007772020725388601
UC3sznuotAs2ohg_U__Jzj_Q,3,13400000.0,624.0,0.004807692307692308
UC3zVeAaoPEN1Tu25dW3G2Ig,32,20800000.0,8405.0,0.0038072575847709696
UC4-TgOSMJHn-LtY4zCzbQhw,1,10200000.0,156.0,0.00641025641025641
UC46TVKqBkiTT85ddkJDdK3w,1,5710000.0,132.0,0.007575757575757576
UC49ta0RHXJUiID5KWRkcySw,3,1780000.0,9623.0,0.0003117530915514912
UC4BZtFgtCuHUt0p8J-XENiA,1,367000.0,126.0,0.007936507936507936
UC4F3j3ed_To-M3H2YLLD5vw,1,2050000.0,1169.0,0.000855431993156544
UC4PooiX37Pld1T8J5SYT-SQ,1,19400000.0,4276.0,0.00023386342376052386
UC4PziMH5MvvsmqM0VCZTy-g,3,5490000.0,2469.0,0.001215066828675577
UC4_bwov47DseacR1-ttTdOg,1,3900000.0,2461.0,0.0004063388866314506
UC4f1JueVgo5t9HSmobCRPug,10,1770000.0,18642.0,0.0005364231305653899
UC4fZf9roD6EWeU_QPS3PpLg,11,1550000.0,1572.0,0.006997455470737914
UC4hQbfN_ZRy4lSngWxuhHxA,5,670000.0,2444.0,0.0020458265139116204
UC4rlAVgAK0SGk-yTfe48Qpw,21,44700000.0,10489.0,0.002002097435408523
UC4xZrjsfEiomEbE9OUjN4-g,11,7570000.0,136412.0,8.06380670322259e-05
UC54FS_YP3B6bJkQ9gwF0lBg,4,5580000.0,2324.0,0.0017211703958691911
UC55IWqFLDH1Xp7iu1_xknRA,132,81300000.0,290896.0,0.0004537704196688851
UC56gTxNs4f9xZ7Pa2i5xNzg,30,68300000.0,7321.0,0.004097800846878842
UC5Av_JsA_zhGKsFPH0WUvEw,18,3680000.0,18159.0,0.0009912440112340988
UC5GbbbB3iPNlzFNZiXLTAuA,8,1360000.0,83.0,0.0963855421686747
UC5H_KXkPbEsGs0tFt8R35mA,2,15100000.0,481.0,0.004158004158004158
UC5M_h2S8Ldoc9M6f7B-_m6A,1,12500000.0,5236.0,0.00019098548510313216
UC5Qbo0AR3CwpmEq751BIy0g,1,2870000.0,1623.0,0.0006161429451632779
UC5RTPeV2gbY1z8WEQ16p28g,1,143000.0,159.0,0.006289308176100629
UC5RwNJQSINkzIazWaM-lM3Q,11,3990000.0,11492.0,0.0009571876087713191
UC5VvB6tmC4lu_WCx7hE0PZA,2,1730000.0,466.0,0.004291845493562232
UC5W8kZaY_u59fwgtjnLrBXA,2,793000.0,24.0,0.08333333333333333
UC5cGZY5qHBjP21aERizDSOg,3,819000.0,96.0,0.03125
UC5f5IV0Bf79YLp_p9nfInRA,1,23900000.0,787.0,0.0012706480304955528
UC5gGJUbxE2Irm70TloI45GA,1,157000.0,82.0,0.012195121951219513
UC5qFAfEOzoaSOS6At8ixYoA,1,895000.0,108.0,0.009259259259259259
UC6-ymYjG0SU0jUWnWh9ZzEQ,1,3100000.0,1181.0,0.000846740050804403
UC64UiPJwM_e9AqAd7RiD7JA,1,3260000.0,2621.0,0.00038153376573826786
UC65afEgL62PGFWXY7n6CUbA,2,13900000.0,3341.0,0.000598623166716552
UC67f2Qf7FYhtoUIF4Sf29cA,4,8110000.0,140.0,0.02857142857142857
UC6IRUel01QXtLC_Kj6latlw,3,415000.0,125.0,0.024
UC6OICk-ceplUJf4sCN3DMnQ,1,550000.0,306.0,0.0032679738562091504
UC6RJ7-PaXg6TIH2BzZfTV7w,3,7000000.0,178059.0,1.684834801947669e-05
UC6YGTwA7MY9m2sb8daK7NGg,1,1070000.0,146.0,0.00684931506849315
UC6ZFN9Tx6xh-skXCuRHCDpQ,1,4990000.0,56374.0,1.773867385674247e-05
UC6ljvocrnN_0hA3PXr7W5rw,2,1890000.0,45.0,0.044444444444444446
UC6nSFpj9HTCZ5t-N3Rm3-HA,2,24400000.0,611.0,0.0032733224222585926
UC6x7GwJxuoABSosgVXDYtTw,1,3370000.0,580.0,0.0017241379310344827
UC7-E5xhZBZdW-8d7V80mzfg,8,1340000.0,112.0,0.07142857142857142
UC71093fnUtdfw7ZZW784FOQ,1,3790000.0,719.0,0.0013908205841446453
UC7B6bqTYOOy4JmI2byFaPgg,2,3720000.0,1793.0,0.0011154489682097045
UC7IMq6lLHbptAnSucW1pClA,55,10700000.0,1211.0,0.04541701073492981
UC7IcJI8PUf5Z3zKxnZvTBog,1,9500000.0,1102.0,0.0009074410163339383
UC7IdArS3MibBKFsqckq8GhQ,23,10600000.0,55153.0,0.0004170217395245952
UC7NszqtDGyVuQuxUEAN_n2Q,6,5220000.0,23386.0,0.0002565637560933892
UC7_YxT-KID8kRbqZo7MyscQ,2,37800000.0,5765.0,0.0003469210754553339
UC7_gcs09iThXybpVgjHZ_7g,1,3350000.0,425.0,0.002352941176470588
UC7dLvCYNwhYe-l__yczFp1Q,3,1060000.0,2441.0,0.0012290045063498567
UC7dj0KXfEQEVNgH2arxcZdA,2,4270000.0,3309.0,0.0006044122091266244
UC7eHZXheF8nVOfwB2PEslMw,13,30800000.0,162.0,0.08024691358024691
UC7rVvFP90pl7tAtPsVIhfww,7,7990000.0,206.0,0.03398058252427184
UC7sRFTKIbH4NNpFXmpUAWuA,25,4390000.0,299.0,0.08361204013377926
UC7t63tTu19rKtTgd1EgXvrg,1,1130000.0,10.0,0.1
UC7tdFNggH_jwjJTDWqYelmA,1,880000.0,8920.0,0.00011210762331838565
UC7ttiY8KM99aLI79yHT6cAw,1,2380000.0,52.0,0.019230769230769232
UC7zygr3uEiMSkxv-6nbFUGQ,1,1430000.0,918.0,0.0010893246187363835
UC8-Th83bH_thdKZDJCrn88g,65,32800000.0,12985.0,0.0050057758952637655
UC82o9tQyo_cJhtyoFi-ROEw,19,12100000.0,174050.0,0.00010916403332375755
UC8CbFnDTYkiVweaz8y9wd_Q,2,3310000.0,3697.0,0.0005409791723018664
UC8HBwZFJop6elIzoov-g7bw,1,4310000.0,642.0,0.001557632398753894
UC8JE00xTMBOqKs7o0grFTfQ,1,3080000.0,467.0,0.0021413276231263384
UC8KlAzFi-luP2jo_gRgQk7A,8,3470000.0,245.0,0.0326530612244898
UC8MyBFjXbTezvZgMTEBFwgA,4,5510000.0,271.0,0.014760147601476014
UC8RrHpql7M97Lqyg9J6hSww,4,734000.0,151.0,0.026490066225165563
UC8Su5vZCXWRag13H53zWVwA,2,1460000.0,14518.0,0.00013776002204160352
UC8Z-VjXBtDJTvq6aqkIskPg,67,12100000.0,337844.0,0.00019831638270917937
UC8dnBi4WUErqYQHZ4PfsLTg,21,11900000.0,469424.0,4.473567606257882e-05
UC8h8NJG9gacZ5lAJJvhD0fQ,1,3790000.0,778.0,0.0012853470437017994
UC8p1vwvWtl6T73JiExfWs1g,1,6780000.0,143198.0,6.983337756113912e-06
UC8v4vz_n2rys6Yxpj8LuOBA,1,4100000.0,1287.0,0.000777000777000777
UC8vlDm5xvbxOrCvdu9UNOiA,1,3920000.0,5225.0,0.00019138755980861245
UC9-OpMMVoNP5o10_Iyq7Ndw,3,4720000.0,14278.0,0.00021011346126908532
UC90RW5ZmBBqp4r2QIQxfACA,39,8610000.0,357154.0,0.00010919659306629633
UC95pSgGOrWclOheq6cchfPw,1,6470000.0,11770.0,8.496176720475786e-05
UC9CYT9gSNLevX5ey2_6CK0Q,4,21300000.0,182884.0,2.1871787581199013e-05
UC9CuvdOVfMPvKCiwdGKL3cQ,1,5440000.0,9514.0,0.00010510826150935464
UC9GenoUeEqbMrWMysALYR1Q,1,238000.0,5330.0,0.0001876172607879925
UC9Gjog4enoDWRWTaYuamx1g,20,14400000.0,7138.0,0.002801905295601009
UC9HlWVtENbiMQzVRmnbJxtw,2,5780000.0,321.0,0.006230529595015576
UC9LQwHZoucFT94I2h6JOcjw,2,11900000.0,8946.0,0.000223563603845294
UC9MAhZQQd9egwWCxrwSIsJQ,3,14900000.0,11075.0,0.0002708803611738149
UC9PEibgWOqZ-1I1JdxRmr6g,1,6950000.0,807.0,0.0012391573729863693
UC9RM-iSvTu1uPJb8X5yp3EQ,1,4850000.0,263.0,0.0038022813688212928
UC9TO_oo4c_LrOiKNaY6aysA,1,40500000.0,585.0,0.0017094017094017094
UC9TreTE-iXwfwQl72DzDurA,1,3590000.0,604.0,0.0016556291390728477
UC9YydG57epLqxA9cTzZXSeQ,2,8110000.0,2375.0,0.0008421052631578948
UC9k-yiEpRHMNVOnOi_aQK8w,3,13700000.0,38768.0,7.738340899711101e-05
UC9wk6mlzKKN3_sVMPd2p-3Q,1,952000.0,614.0,0.0016286644951140066
UC9xncyB15xEnnWfgBp8wAeg,1,568000.0,118.0,0.00847457627118644
UCA5wv3lbx6fn54ou6uytSIA,22,6260000.0,82949.0,0.00026522320944194624
UCA7gwgLgmCZ8DSmdf2bhb8g,4,4500000.0,4890.0,0.0008179959100204499
UCAH1Aw-mXgcB3t8uaqW4yTA,4,19300000.0,5511.0,0.0007258210851025222
UCAL3JXZSzSm8AlZyD3nQdBA,3,11000000.0,96.0,0.03125
UCANLZYMidaCbLQFWXBC95Jg,4,25300000.0,0.0,0.0
UCAQk_zAuaksl_3p6lDmaNUQ,18,1560000.0,50487.0,0.0003565274229009448
UCAR3h_9fLV82N2FH4cE4RKw,24,6420000.0,346387.0,6.928666491525374e-05
UCASjTz4wC5E-8Twuszj7amg,2,1150000.0,586.0,0.0034129692832764505
UCAUNFgpgVisKPL3yq_-Nj-Q,12,12000000.0,68160.0,0.00017605633802816902
UCAaUVu8vYss8zCaC0WuA9jA,3,6490000.0,135.0,0.022222222222222223
UCAoMPWcQKA_9Af5YhWdrZgw,1,11000000.0,349.0,0.0028653295128939827
UCApHvBKENHNgOjts_1LbGdg,1,623000.0,10137.0,9.864851533984413e-05
UCAqlxq4Bs9PjI86M9lM18TA,6,7270000.0,24272.0,0.00024719841793012525
UCAvCL8hyXjSUHKEGuUPr1BA,3,30600000.0,191.0,0.015706806282722512
UCB-7IEpKGIdXkgGUObE5D5A,1,748000.0,1379.0,0.0007251631617113851
UCBDS8hN3PwpB93rAJcR9bTA,8,327000.0,244.0,0.03278688524590164
UCBFaOy1_APEXEyA6Gws_Y1g,1,13600000.0,207.0,0.004830917874396135
UCBJycsmduvYEL83R_U4JriQ,37,20400000.0,1768.0,0.02092760180995475
UCBL7ZxVX4GvW4CFiES_-0YA,1,11700000.0,433.0,0.0023094688221709007
UCB_qr75-ydFVKSF9Dmo6izg,4,13400000.0,9196.0,0.00043497172683775554
UCBa659QWEk1AI4Tg--mrJ2A,3,6600000.0,731.0,0.004103967168262654
UCBc13XYipnBIBE3Ff8QaaGg,2,6620000.0,283541.0,7.053653616231868e-06
UCBdHwFIE4AJWSa3Wxdu7bAQ,1,8290000.0,1787.0,0.0005595970900951316
UCBi2mrWuNuyYy4gbM6fU18Q,1,19000000.0,105518.0,9.477056047309464e-06
UCBjh-uGy5RcclATnFpQBobw,1,3550000.0,149.0,0.006711409395973154
UCBqFKDipsnzvJdt6UT0lMIg,7,28500000.0,653.0,0.010719754977029096
UCBz9qbqujcjIavFmBJW2oZw,2,29800000.0,26608.0,7.51653638003608e-05
UCBzRNetz7eOSqcAdNXhPZPA,13,6160000.0,399.0,0.03258145363408521
UCC552Sd-3nyi_tk2BudLUzA,2,10800000.0,529.0,0.003780718336483932
UCC89oVFqenaffhBoyqxd6qw,8,5460000.0,459.0,0.017429193899782137
UCCJRFl1Qjo83GG_09U-DIBA,6,12800000.0,87067.0,6.891244673642138e-05
UCCKseZbofYqV1HVEk9F6l3A,1,1160000.0,177.0,0.005649717514124294
UCCRb6nYKaT8tzLA8CwDdUtw,4,5320000.0,699.0,0.005722460658082976
UCCaJ-4eia53A8FcZD-KwaeA,8,4640000.0,46236.0,0.00017302534821351327
UCCgLMMp4lv7fSD2sBz1Ai6Q,17,11800000.0,415273.0,4.093692582951456e-05
UCCj956IF62FbT7Gouszaj9w,4,15100000.0,25266.0,0.00015831552283701418
UCD1Em4q90ZUK2R5HKesszJg,7,21600000.0,1142.0,0.006129597197898424
UCD4ZEYIBnHIC2DUhiizMOHg,1,1160000.0,33.0,0.030303030303030304
UCDBCCMlFD-hArPbWv38FINA,1,9270000.0,1686.0,0.0005931198102016608
UCDCMjD1XIAsCZsYHNMGVcog,106,11700000.0,401187.0,0.0002642159392004227
UCDE_gujqIP9wEBZy0lVH_8Q,11,1520000.0,51443.0,0.00021382889800361564
UCDHBN6c7uHLyjZcxGdChZWA,4,1950000.0,35997.0,0.00011112037114203962
UCDHv5A6lFccm37oTZ5Mp7NA,2,1310000.0,4074.0,0.0004909180166912126
UCDKjhgRoPF1CQk7HluMz23A,21,2720000.0,335573.0,6.257952815035774e-05
UCDMktNfQd0QiMQgJippiHEw,1,1230000.0,198.0,0.005050505050505051
UCDR8cvjALazMm2j9hOar8_g,21,2740000.0,24101.0,0.0008713331397037467
UCDS9hpqUEXsXUIcf0qDcBIA,2,2180000.0,6820.0,0.0002932551319648094
UCDVYQ4Zhbm3S2dlz7P1GBDg,2,15400000.0,51933.0,3.8511158608206726e-05
UCDWIvJwLJsE4LG1Atne2blQ,4,5550000.0,279.0,0.014336917562724014
UCDYFKHjDRo6UYdZ_wA8zOlQ,1,118000.0,112.0,0.008928571428571428
UCDdi0yUyGW1PKzYXaIACnuA,1,1190000.0,1275.0,0.000784313725490196
UCDjrDp76VeIzmQckJSmQJQg,8,1870000.0,899.0,0.008898776418242492
UCDlQwv99CovKafGvxyaiNDA,1,2520000.0,1294.0,0.0007727975270479134
UCDo9msNItILnyF_Y2eHaNQg,1,9830000.0,331.0,0.0030211480362537764
UCDsO-0Yo5zpJk575nKXgMVA,1,9000000.0,340.0,0.0029411764705882353
UCE2606prvXQc_noEqKxVJXA,1,18600000.0,265861.0,3.761364021048593e-06
UCE97AW7eR8VVbVPBy4cCLKg,2,1260000.0,1907.0,0.001048767697954903
UCECLFUMfkrODKn7lW0q1lxA,29,3040000.0,46549.0,0.0006229994199660573
UCEPKlFeUjRY_1mpZP8GnkVg,1,1330000.0,612.0,0.0016339869281045752
UCEWHoHLo89dkQJR_axIupEA,12,6340000.0,86294.0,0.00013905949428697243
UCEY1ejsweY4DgMwOVJeEaBA,1,9240000.0,5729.0,0.00017455053237912376
UCE_--R1P5-kfBzHTca0dsnw,5,6800000.0,4983.0,0.0010034115994380895
UCE_M8A5yxnLfW0KghEeajjw,4,20500000.0,193.0,0.02072538860103627
UCEdvpU2pFRCVqU6yIPyTpMQ,6,58200000.0,549.0,0.01092896174863388
UCEeEQxm6qc_qaTE7qTV5aLQ,5,52300000.0,188357.0,2.6545336780687736e-05
UCEf_Bc-KVd7onSeifS3py9g,38,33400000.0,4620.0,0.008225108225108226
UCEhsOgK2u8GDDoynMCj78Ng,25,3610000.0,17483.0,0.0014299605330892868
UCEiYBcJPr34kHs2ol_qHCYA,2,11200000.0,1381.0,0.001448225923244026
UCEjOSbbaOfgnfRODEEMYlCw,2,2540000.0,2404.0,0.0008319467554076539
UCEs-zSwH2NYGskxF-ptoT1w,1,8270000.0,8658.0,0.0001155001155001155
UCF-aIi0zXNwZZucGtWk4pug,17,1990000.0,289.0,0.058823529411764705
UCF1JIbMUs6uqoZEY1Haw0GQ,4,60400000.0,13374.0,0.0002990877822640945
UCF59R3Q5iPLX0F1S7BL09rw,1,844000.0,6782.0,0.0001474491300501327
UCF9imwPMSGz4Vq1NiTWCC7g,6,4100000.0,2386.0,0.002514668901927913
UCFFbwnve3yF62-tVXkTyHqg,42,121000000.0,14973.0,0.002805049088359046
UCFNosi99Sp0_eLilBiXmmXA,4,4340000.0,413.0,0.009685230024213076
UCFQgi22Ht00CpaOQLtvZx2A,1,2080000.0,25269.0,3.957418180379121e-05
UCF_fDSgPpBQuh1MsUTgIARQ,2,10300000.0,238.0,0.008403361344537815
UCFghPtzFcmyDiID1ASMA4Dg,2,2090000.0,576.0,0.003472222222222222
UCFgjPkfDFtyheoTndkbRWVQ,28,2450000.0,31210.0,0.0008971483498878565
UCFjrDmEnxrG5TRGVO0TPHLA,1,10100000.0,4653.0,0.0002149151085321298
UCFkoPRmuxqr37jvGmmpzhzQ,3,13900000.0,241.0,0.012448132780082987
UCFnLGH9BGpJLJMMlRMr-f5Q,32,2060000.0,1076.0,0.02973977695167286
UCFrL8Cc5J7Y6aoW-kQs2Nag,11,3740000.0,2877.0,0.0038234271810914148
UCFx1nseXKTc1Culiu3neeSQ,9,3540000.0,155502.0,5.787706910522051e-05
UCFzm6oAGFmmZfkrzQ5wATSQ,2,3550000.0,85.0,0.023529411764705882
UCG-8AlopydqubtQLoNoqXLQ,1,1040000.0,53.0,0.018867924528301886
UCG9nVSLp4nQlW79sY5ihRrg,1,3130000.0,407.0,0.002457002457002457
UCGCVyTWogzQ4D170BLy2Arw,1,7250000.0,487.0,0.002053388090349076
UCGGhM6XCSJFQ6DTRffnKRIw,1,4040000.0,434.0,0.002304147465437788
UCGIelM2Dj3zza3xyV3pL3WQ,6,1800000.0,115.0,0.05217391304347826
UCGdPm5Aq081vVD7ih9jZf6Q,16,20300000.0,1623.0,0.009858287122612447
UCGjylN-4QCpn8XJ1uY-UOgA,1,6040000.0,155.0,0.0064516129032258064
UCGkSXL5saM8y3VvJD_PdMFQ,3,6370000.0,67.0,0.04477611940298507
UCGnjeahCJW1AF34HBmQTJ-Q,1,18200000.0,223.0,0.004484304932735426
UCGsR5CVHh_T4nMLiKhfV7qg,1,5200000.0,333.0,0.003003003003003003
UCGyZswzm4G-wEfRQHgMSAuw,24,5370000.0,154277.0,0.0001555643420600608
UCH1oRy1dINbMVp3UFWrKP0w,5,5360000.0,46692.0,0.00010708472543476398
UCH6caKt8TcswUZRk_JUz7TA,11,9910000.0,16222.0,0.0006780914807052151
UCH6vXjt-BA7QHl0KnfL-7RQ,2,6450000.0,656.0,0.003048780487804878
UCHE7rAi1Fw1CBmQXFtvJmrw,2,1400000.0,93.0,0.021505376344086023
UCHJSUG4MRcFszyC5qj7s7Uw,1,454000.0,67.0,0.014925373134328358
UCHL9bfHTxCMi-7vfxQ-AYtg,1,3220000.0,318.0,0.0031446540880503146
UCHOtaAJCOBDUWIcL4372D9A,1,8000000.0,393.0,0.002544529262086514
UCHQRDaj7A5S1__vOvpbZgLg,1,3990000.0,7486.0,0.0001335826876836762
UCHUE4ypXKp7ZkmdWbGJNgJg,2,3840000.0,371.0,0.005390835579514825
UCHcDpS0TXITVs0ZrBSIsEsA,28,14500000.0,1237.0,0.02263540824575586
UCHd62-u_v4DvJ8TCFtpi4GA,1,2800000.0,25290.0,3.9541320680110714e-05
UCHjVCR-fV_X789MsE7GRFqQ,1,2540000.0,151.0,0.006622516556291391
UCI1i5R552GgNLZNGV_luApg,7,1880000.0,11985.0,0.0005840634125990822
UCI8Ry7NdFNLel-S8dWU7mDA,1,552000.0,185.0,0.005405405405405406
UCICJyUwBYgUOE35F8klEoYw,2,4530000.0,64506.0,3.100486776423899e-05
UCIEv3lZ_tNXHzL3ox-_uUGQ,1,21700000.0,1974.0,0.0005065856129685917
UCIJ44QRtVGm_gBh_deuL5ow,1,9030000.0,1621.0,0.0006169031462060457
UCINb0wqPz-A0dV9nARjJlOQ,4,17700000.0,12569.0,0.0003182432970005569
UCIOUkPJZtWThQBtkCRniSBw,1,8090000.0,1302.0,0.0007680491551459293
UCIRYBXDze5krPDzAEOxFGVA,2,3960000.0,20442.0,9.783778495254867e-05
UCIRiWCPZoUyZDbydIqitHtQ,2,2960000.0,194.0,0.010309278350515464
UCIUKjjLfyf19Mr6Q_27GXlw,1,2070000.0,131.0,0.007633587786259542
UCIZldFMMYNZfN7H0pbdiIuw,4,3140000.0,614.0,0.006514657980456026
UCIazsInC4K2jtAEZVnnNKHA,92,1220000.0,14558.0,0.006319549388652287
UCIeNlITYK46VkR7yIuTL8GQ,14,17800000.0,3566.0,0.003925967470555244
UCIsbLox_y9dCIMLd8tdC6qg,4,4740000.0,3362.0,0.001189767995240928
UCIsotCCdTjStPCLyD9iBCCQ,8,10200000.0,697.0,0.011477761836441894
UCIvaYmXn910QMdemBG3v1pQ,27,41600000.0,243532.0,0.00011086838690603288
UCIvqWqjC4aLvp7zI8hzARrA,1,16500000.0,278.0,0.0035971223021582736
UCJ0-OtVpF0wOKEqT2Z1HEtA,1,8560000.0,358.0,0.002793296089385475
UCJ0uqCI0Vqr2Rrt1HseGirg,42,28300000.0,5788.0,0.007256392536281963
UCJ5v_MCY6GNUBTO8-D3XoAg,91,111000000.0,88197.0,0.0010317811263421657
UCJ6nMHaJPZvsJ-HmUmj1SeA,1,2760000.0,2525.0,0.00039603960396039607
UCJ97pLhPp-CU9Tj4-dp9B6g,41,4020000.0,175713.0,0.00023333504066289917
UCJF4y2nyCCrDKTgA7dxz1Qw,23,11900000.0,62975.0,0.0003652242953552997
UCJFp8uSYCjXOMnkUyb3CQ3Q,1,21300000.0,6177.0,0.00016189088554314392
UCJHA_jMfCvEnv-3kRjTCQXw,1,10400000.0,1062.0,0.0009416195856873823
UCJN4c_lZorb_0eyIP_tSS3A,1,4530000.0,114.0,0.008771929824561403
UCJQL1Fai-9GlVunsbP4x8Pg,2,2160000.0,720.0,0.002777777777777778
UCJZ94qp4dtCw0Q5UQqAkg7w,1,636000.0,89.0,0.011235955056179775
UCJadKNYMahhqtdAhDZSy4cg,1,293000.0,38.0,0.02631578947368421
UCJfeUWkrU4JwIJfP-usd-_w,8,10900000.0,723.0,0.011065006915629323
UCJgPnkjLwGgbzfbaeJvBlVQ,1,3150000.0,101.0,0.009900990099009901
UCJhjE7wbdYAae1G25m0tHAA,5,15000000.0,2986.0,0.0016744809109176155
UCJi8M0hRKjz8SLPvJKEVTOg,123,7760000.0,439848.0,0.0002796420581655481
UCJkMlOu7faDgqh4PfzbpLdg,2,3220000.0,303.0,0.006600660066006601
UCJrDMFOdv1I2k8n9oK_V21w,9,79100000.0,8639.0,0.0010417872438939692
UCJrOtniJ0-NWz37R30urifQ,1,47200000.0,855.0,0.0011695906432748538
UCJrREGJ2R1mMuKJkZ8SMCcA,1,6190000.0,206.0,0.0048543689320388345
UCK-qeV3GA62DE8qZHOilSGg,1,93500.0,736.0,0.001358695652173913
UCK7IIV6Q2junGSdYK3BmZMg,13,4960000.0,20240.0,0.000642292490118577
UCK8sQmJBp8GCxrOtXWBpyEA,4,13500000.0,2407.0,0.0016618196925633569
UCKI6DNZu8-X5VWI0FEEYCTA,2,3260000.0,105.0,0.01904761904761905
UCKIZijugeVt92lbP5YTwMiA,4,3830000.0,1311.0,0.0030511060259344014
UCKIrzR0N23B3GoKfh_eTDrg,1,859000.0,23.0,0.043478260869565216
UCKKKYE55BVswHgKihx5YXew,2,1310000.0,128.0,0.015625
UCKL5hAuzgFQsyrsQKgU0Qng,4,40200000.0,211863.0,1.8880125364032417e-05
UCKMugoa0uHpjUuq14yOpagw,1,4610000.0,1183.0,0.0008453085376162299
UCKQKIY2YlI4L5QVg7hhfjrQ,6,11800000.0,1978.0,0.003033367037411527
UCKVfKr96Ifr3Dnhb6mhDAdw,2,1980000.0,217.0,0.009216589861751152
UCKZSn5C-RzrLjuWJF8wWiDw,10,5170000.0,2486.0,0.004022526146419952
UCKjJXmZxk1SiTUQUB28KHpw,31,11900000.0,2443.0,0.012689316414244782
UCKjrT7t9h6GsSkzhFe0ccDA,1,4120000.0,30.0,0.03333333333333333
UCKuHFYu3smtrl2AwwMOXOlg,6,10800000.0,341.0,0.017595307917888565
UCKwGZZMrhNYKzucCtTPY2Nw,2,1660000.0,21643.0,9.240863096613223e-05
UCKwucPzHZ7zCUIf7If-Wo1g,9,6620000.0,118479.0,7.596282885574659e-05
UCKy1dAqELo0zrOtPkf0eTMw,8,19400000.0,174619.0,4.5814029401153365e-05
UCLRmIdRJgLfmdpJufmBhBuA,2,5410000.0,1502.0,0.0013315579227696406
UCLXo7UDZvByw2ixzpQCufnA,7,12700000.0,1879.0,0.0037253858435337944
UCL_f53ZEJxp8TtlOkHwMV9Q,1,8790000.0,1486.0,0.0006729475100942127
UCLbdVvreihwZRL6kwuEUYsA,32,21500000.0,6672.0,0.004796163069544364
UCLd4dSmXdrJykO_hgOzbfPw,7,1210000.0,30726.0,0.00022782008722254768
UCLhcQ0bBZTLipRJ7D42Riow,1,1280000.0,1942.0,0.0005149330587023687
UCLkAepWjdylmXSltofFvsYQ,14,81500000.0,2925.0,0.004786324786324786
UCLkZVEXz_qObWr7hAEbS_pQ,1,1380000.0,231.0,0.004329004329004329
UCLkiPr9KLc0CJL80O1OLXfA,1,221000.0,38.0,0.02631578947368421
UCLp8RBhQHu9wSsq62j_Md6A,1,16700000.0,113.0,0.008849557522123894
UCLsSLka8jODBozvi5VTQeaQ,7,6540000.0,2607.0,0.002685078634445723
UCLtCejNl8eAg4PO_9lf2TIg,20,14100000.0,7316.0,0.002733734281027884
UCLtNvbkqea8wN_kGtfgx_Mw,7,34200000.0,315.0,0.022222222222222223
UCLxyhRCoJnRxyGan3YBHm6A,29,3650000.0,32480.0,0.0008928571428571428
UCM0cwESe107DHyGpEUx1n4Q,1,361000.0,10752.0,9.300595238095238e-05
UCM3Bjfpp_OyOADpFbKr8Msg,16,3040000.0,92578.0,0.00017282723757264145
UCMMfNEPCze48r4G8k7Eg0yA,4,4890000.0,113.0,0.035398230088495575
UCMrW_BDWQ0WCvvgmoRfbIfw,8,1860000.0,208.0,0.038461538461538464
UCMtFAi84ehTSYSE9XoHefig,111,10300000.0,12333.0,0.009000243249817562
UCMxtWuqP6Ktk1tsSZSstaug,8,9860000.0,2727.0,0.0029336266960029336
UCN1hnUccO4FD5WfM7ithXaw,5,14200000.0,159.0,0.031446540880503145
UCNApqoVYJbYSrni4YsbXzyQ,55,35900000.0,28728.0,0.0019145084934558618
UCNAxrHudMfdzNi6NxruKPLw,1,802000.0,472.0,0.00211864406779661
UCNBbCOuAN1NZAuj0vPe_MkA,1,3040000.0,974.0,0.001026694045174538
UCNJcSUSzUeFm8W9P7UUlSeQ,16,13000000.0,1049.0,0.015252621544327931
UCNLGvPguokaRr6TgMgP1txg,6,2570000.0,180.0,0.03333333333333333
UCNLla1IDaN5HK9Fb31DNAAA,1,977000.0,41.0,0.024390243902439025
UCNT38peI5ihu_QzBSjKpWKA,2,1370000.0,210.0,0.009523809523809525
UCNfZNOb3jq-iWdL0d9OMf9Q,1,143000.0,56.0,0.017857142857142856
UCNhqvQMXIgRfjAGmxQqdNRw,1,26400000.0,9589.0,0.00010428616122640526
UCNn6AaHharXIbkRleXGboiQ,5,4010000.0,2908.0,0.0017193947730398899
UCNnnwVSI5Ndo2I4Y-LPuuew,1,3790000.0,233.0,0.004291845493562232
UCNnwYefwrkVBAbMUzLpxbEQ,1,8730000.0,212.0,0.0047169811320754715
UCNo5PGwGmfnEprEUUb9AGgw,5,8540000.0,135.0,0.037037037037037035
UCNqRS1gSJFMNPVwye1gyI_g,3,3730000.0,237.0,0.012658227848101266
UCNvsIonJdJ5E4EXMa65VYpA,1,1900000.0,33.0,0.030303030303030304
UCNyeSfUfffmJXwA2_tmNG9A,40,6120000.0,385.0,0.1038961038961039
UCO2WJZKQoDW4Te6NHx4KfTg,42,3290000.0,3406.0,0.012331180270111567
UCO79NsDE5FpMowUH1YcBFcA,1,976000.0,321.0,0.003115264797507788
UCO9zJy7HWrIS3ojB4Lr7Yqw,3,14000000.0,320.0,0.009375
UCORIeT1hk6tYBuntEXsguLg,1,6460000.0,466.0,0.002145922746781116
UCOhHO2ICt0ti9KAh-QHvttQ,111,23700000.0,5979.0,0.018564977420973405
UCOhtMAg7xh8wv_wUHMgFc-Q,2,3820000.0,163.0,0.012269938650306749
UCOk6AdJuXzYFumdW-MoqQXg,49,5890000.0,4219.0,0.011614126570277317
UCOmHUn--16B90oW2L6FRR3A,1,99000000.0,636.0,0.0015723270440251573
UCOpUWgNJq1kUlB3Z5KM7X-A,44,3460000.0,12220.0,0.003600654664484452
UCOpcACMWblDls9Z6GERVi1A,17,6780000.0,1528.0,0.01112565445026178
UCOsyDsO5tIt-VZ1iwjdQmew,51,47800000.0,12642.0,0.004034171808258187
UCOw4v1j3QnzH7X4krQAS7fg,1,1850000.0,227.0,0.004405286343612335
UCP-Ng5SXUEt0VE-TXqRdL6g,1,20600000.0,45457.0,2.1998812064148536e-05
UCP0uG-mcMImgKnJz-VjJZmQ,39,10200000.0,545978.0,7.143144961884911e-05
UCP1iRaFlS5EYjJBryFV9JPw,2,5740000.0,9339.0,0.0002141556911874933
UCP5tjEmvPItGyLhmjdwP7Ww,1,7870000.0,466.0,0.002145922746781116
UCPACfH7u4cAD2APtM_7TJZQ,7,1530000.0,9395.0,0.0007450771687067589
UCPD_bxCRGpmmeQcbe2kpPaA,3,15000000.0,2507.0,0.0011966493817311527
UCPHKMJbis1c0R7d7WJQ35tA,1,3860000.0,3778.0,0.00026469031233456857
UCPIzPN_V3Wk2KN5wIK3Kwsg,1,6650000.0,3135.0,0.0003189792663476874
UCPP3etACgdUWvizcES1dJ8Q,10,37000000.0,448896.0,2.2276874821785e-05
UCPST2CubwLkYVAuL_LzuUtg,7,607000.0,13.0,0.5384615384615384
UCPSb5hoJuGd_M421vocSM2A,4,1680000.0,1450.0,0.002758620689655172
UCPT5Q93YbgJ_7du1gV7UHQQ,1,5230000.0,1114.0,0.0008976660682226212
UCPcFg7aBbaVzXoIKSNqwaww,3,4960000.0,1643.0,0.0018259281801582471
UCPde4guD9yFBRzkxk2PatoA,3,6950000.0,35576.0,8.432651225545311e-05
UCPeZTzsoQ4iBjfkVbU0ilmg,3,3770000.0,147.0,0.02040816326530612
UCPgLNge0xqQHWM5B5EFH9Cg,1,6010000.0,37397.0,2.6740112843276198e-05
UCPmiqbKUt3ap_7sSKstR3tA,12,1570000.0,30732.0,0.0003904724716907458
UCPmpyXciSmUXPwdTW_0mbGw,37,8130000.0,58265.0,0.0006350296061100146
UCPrwhIldj47n8JcqZ4Y_WFQ,2,2080000.0,100.0,0.02
UCPvi4_6AZtfND4ILv82s3wA,1,1390000.0,177.0,0.005649717514124294
UCPwph8Hesb5Lo035cOsk5zw,4,1750000.0,575.0,0.006956521739130435
UCPyFYlqbkxkWX_dWCg0eekA,8,3650000.0,198.0,0.04040404040404041
UCQ2HM1jLRY8tpfib1zUjuNQ,1,1420000.0,2403.0,0.0004161464835622139
UCQ7b-0J65acVdD1ryrRsHCQ,18,2050000.0,4839.0,0.0037197768133911966
UCQ86kqo-kULs8EU8ZqQTE1A,21,2540000.0,570.0,0.03684210526315789
UCQBG3PzyQKY8ieMG2gDAyOQ,2,2430000.0,519.0,0.0038535645472061657
UCQJWtTnAHhEG5w4uN0udnUQ,1,6740000.0,7530.0,0.00013280212483399734
UCQ_FATLW83q-4xJ2fsi8qAw,1,3020000.0,36567.0,2.7347061558235567e-05
UCQi67q4kGdmnJaRzX81uK5g,2,8370000.0,551.0,0.003629764065335753
UCQiT5-5LOEyhN2Q1g93ZmRA,10,7960000.0,5085.0,0.0019665683382497543
UCQjHoPr0kqN83Mmihy7nsWw,11,7850000.0,307.0,0.035830618892508145
UCQmZ9BIYOBSkxL-eqqg5z-g,20,9540000.0,1293.0,0.015467904098994586
UCQznUf1SjfDqx65hX3zRDiA,2,9020000.0,153.0,0.013071895424836602
UCR-QYzXrZF8yFarK8wZbHog,1,8140000.0,1081.0,0.0009250693802035153
UCR-foyF-C6VuAlwy3KZMkgA,29,21200000.0,2578.0,0.011249030256012413
UCR-uD130PlXKww_J2Q63CMg,14,5640000.0,2770.0,0.005054151624548736
UCR0It5-1cif1cMKBUtUW8pg,1,3130000.0,15.0,0.06666666666666667
UCR4s1DE9J4DHzZYXMltSMAg,2,17700000.0,651.0,0.0030721966205837174
UCR5BwOS3Gb4uQtxRYRUQ7ng,1,1450000.0,22.0,0.045454545454545456
UCR5b5EKG2-BKLLgGRlYLHWA,16,904000.0,154.0,0.1038961038961039
UCRDDfbYPHX_GUJ4lcQYTc8A,51,6130000.0,38952.0,0.0013093037584719655
UCRDJea1PTGSDkt1cvkDoOhg,1,560000.0,106.0,0.009433962264150943
UCRDy1zVuogK8Fl4svi9ZTyw,1,1420000.0,39.0,0.02564102564102564
UCRPIZtgcx0D7A0rXAC3x-1A,3,717000.0,94.0,0.031914893617021274
UCRQMZQ0R561looJMoxPmRoQ,1,1090000.0,104.0,0.009615384615384616
UCRWFSbif-RFENbBrSiez1DA,33,49200000.0,500175.0,6.597690808217125e-05
UCRXiA3h1no_PFkb1JCP0yMA,8,15900000.0,5382.0,0.0014864362690449647
UCRbOPaGDB_xOQkVM8Rnn62Q,1,1980000.0,285.0,0.0035087719298245615
UCRijo3ddMTht_IHyNSNXpNQ,12,61500000.0,515.0,0.02330097087378641
UCRjdhRziOme0OSmUwbnwebg,9,5980000.0,9469.0,0.0009504699545886577
UCRpjHHu8ivVWs73uxHlWwFA,3,7460000.0,8204.0,0.0003656752803510483
UCRxAgfYexGLlu1WHGIMUDqw,2,5220000.0,53.0,0.03773584905660377
UCRzzwLpLiUNIs6YOPe33eMg,5,10800000.0,268.0,0.018656716417910446
UCS84kz7Fs8bzRs6xcPY9lQQ,2,2240000.0,3988.0,0.0005015045135406219
UCSAUGyc_xA8uYzaIVG6MESQ,11,20800000.0,403.0,0.02729528535980149
UCSGkhjEMPDq0iPb0JHb_w5Q,5,1910000.0,2508.0,0.001993620414673046
UCSVALYUGVruJ4I2RjhiudSQ,21,5930000.0,71202.0,0.0002949355355186652
UCSZCTqWb3uP7ozMaZnYOA-A,15,6360000.0,3417.0,0.004389815627743635
UCSZbXT5TLLW_i-5W8FZpFsg,1,2010000.0,22147.0,4.515284237142728e-05
UCSaf-7p3J_N-02p7jHzm5tA,16,4100000.0,39397.0,0.00040612229357565296
UCSfLUmBHOLoL0uHcxhRCwFw,1,2750000.0,81.0,0.012345679012345678
UCSmENdCeOSL3oPbcP_FYfAg,1,1570000.0,340.0,0.0029411764705882353
UCSrS91iCgFCv_3KwjWWHzSg,80,2490000.0,15752.0,0.005078720162519045
UCSs9H1cyB3OHdy8wkit8ZKg,153,23000000.0,166333.0,0.0009198415227285024
UCSx_w4q5PkAOg9i45uMFHmA,3,13700000.0,705.0,0.00425531914893617
UCT2X19JJaJGUN7mrYuImANQ,5,30700000.0,2380.0,0.0021008403361344537
UCTDrjPTc-Q5zDbG86R2TmSA,1,95300.0,562.0,0.0017793594306049821
UCTFzlMvFx2f5D9t3fl79w7Q,6,1660000.0,727.0,0.008253094910591471
UCTNtRdBAiZtHP9w7JinzfUg,8,22600000.0,6486.0,0.0012334258402713536
UCTQVIXvcHrR9jYoJ6qaBAow,12,10400000.0,28988.0,0.0004139643990616807
UCTlnaHHQ75zlDg_fLr7tGEg,30,7690000.0,487.0,0.061601642710472276
UCTn6eUt2dRO_iaH_q49yHzg,1,3670000.0,0.0,0.0
UCTrQ7HXWRRxr7OsOtodr2_w,1,4000000.0,22416.0,4.461099214846538e-05
UCU0X0jiii24OXllSgXbPVBw,1,6240000.0,1.0,1.0
UCU5pQWmxvxqRP5u-SdoV8rQ,17,7130000.0,52595.0,0.0003232246411255823
UCUFdeo1oLLH_QPlaQfZrqbg,1,1800000.0,118.0,0.00847457627118644
UCUFgkRb0ZHc4Rpq15VRCICA,1,2200000.0,635.0,0.0015748031496062992
UCUK0HBIBWgM2c4vsPhkYY4w,1,15100000.0,363.0,0.0027548209366391185
UCULLmfWqhMOeiWEV6hkMSCg,99,9610000.0,19123.0,0.005177011975108508
UCUWhWgXOjE1ET2CRRtgcnQw,1,2550000.0,493.0,0.002028397565922921
UCUZzyuAlhHNP3oiuMjn7RfQ,2,7170000.0,2120.0,0.0009433962264150943
UCU_MfrF9fw0CUMOrGy7D1mQ,1,321000.0,16.0,0.0625
UCUd0P7GJ_6UiLcIpfKH9sCQ,1,4700000.0,8887.0,0.00011252391133115787
UCUsN5ZwHx2kILm84-jPDeXw,2,12300000.0,6488.0,0.00030826140567200987
UCUtZaxDF3hD5VK4xRYFBePQ,11,21100000.0,5464.0,0.002013177159590044
UCUudDyi0JiVmSxarvU98YYQ,1,3870000.0,562.0,0.0017793594306049821
UCV9_KinVpV-snHe3C3n1hvA,1,18600000.0,573.0,0.0017452006980802793
UCVTQuK2CaWaTgSsoNkn5AiQ,11,3080000.0,10581.0,0.0010395992817314053
UCVTlSe6q6Z7xwSZeSxPttMw,1,489000.0,50.0,0.02
UCVTyTA7-g9nopHeHbeuvpRA,42,5140000.0,5957.0,0.007050528789659225
UCViLvZvgdut2iJiKU33NQrQ,4,1920000.0,58540.0,6.83293474547318e-05
UCVmEbEQUGXHVm-O9pqa3JWg,12,16500000.0,208.0,0.057692307692307696
UCVttQE6tS_agDSAU61Q65aA,3,12700000.0,154.0,0.01948051948051948
UCVxTHEKKLxNjGcvVaZindlg,1,296000.0,192.0,0.005208333333333333
UCW3T8dQVEynwj6-_DArcM7w,1,2070000.0,26175.0,3.8204393505253104e-05
UCW3VI9s3Dw8o1ekgjI3FCzw,9,15900000.0,2359.0,0.0038151759220008477
UCW6-BQWFA70Dyyc7ZpZ9Xlg,1,882000.0,3017.0,0.00033145508783559825
UCWACD_NdQo00BhutSXMKa-w,1,4350000.0,299.0,0.0033444816053511705
UCWB212HLA4MyZBpn0qlBpXA,1,822000.0,6026.0,0.00016594756057085962
UCWFKCr40YwOZQx8FHU_ZqqQ,1,9650000.0,1436.0,0.0006963788300835655
UCWJ2lWNubArHWmf3FIHbfcQ,5,23300000.0,70289.0,7.11348859707778e-05
UCWOA1ZGywLbqmigxE4Qlvuw,33,31800000.0,8418.0,0.003920171062009979
UCWRV5AVOlKJR1Flvgt310Cw,6,10500000.0,346.0,0.017341040462427744
UCWTFGPpNQ0Ms6afXhaWDiRw,1,956000.0,96.0,0.010416666666666666
UCWV3obpZVGgJ3j9FVhEjF2Q,2,18400000.0,8110.0,0.0002466091245376079
UCWXCrItCF6ZgXrdozUS-Idw,1,12900000.0,1624.0,0.0006157635467980296
UCWcrr8Q9INGNp-PTCLTzc8Q,1,8220000.0,201.0,0.004975124378109453
UCWk-7Yosyvzln9ZzJg8BvVg,1,4870000.0,162920.0,6.137981831573779e-06
UCWkYXtnAuu7VTLPwUcRSB6A,1,12000000.0,157.0,0.006369426751592357
UCWqyzn3cDkRDh3kRGWrIQwA,21,8560000.0,8352.0,0.002514367816091954
UCWs1iht2UHjN5XODx4CdSzw,8,1890000.0,31702.0,0.00025235000946312536
UCWwgaK7x0_FR1goeSRazfsQ,1,7460000.0,2350.0,0.000425531914893617
UCWwqHwqLSrdWMgp5DZG5Dzg,48,23900000.0,2987.0,0.016069635085369936
UCWxCyZibDIWIrGIgP25mbfw,4,8690000.0,811.0,0.004932182490752158
UCX6OQ3DkcsbYNE6H8uQQuVA,1,443000000.0,906.0,0.0011037527593818985
UCXGgrKt94gR6lmN4aN3mYTg,1,5690000.0,2456.0,0.00040716612377850165
UCXIJgqnII2ZOINSWNOGFThA,7,14500000.0,126907.0,5.515850189508853e-05
UCXJDX1KK6t121Z9FLhu5o2A,2,7010000.0,206.0,0.009708737864077669
UCXX1iQGufHujuIvQ38MPKMA,4,491000.0,86.0,0.046511627906976744
UCXZkaZ4f7d3-YuMyy76yS6A,12,7940000.0,52.0,0.23076923076923078
UCXazgXDIYyWH-yXLAkcrFxw,1,40700000.0,745.0,0.0013422818791946308
UCXgXW0kqxnJM66dlh6V5Pxw,1,1620000.0,28.0,0.03571428571428571
UCXjhJbviBl0M4JAC3cxDXqA,55,11800000.0,61336.0,0.000896700143472023
UCXsXitjiT_8qPgNEFGPVfBA,8,4990000.0,218.0,0.03669724770642202
UCXyq6UjvT4dWjMOOiKuBncA,1,3450000.0,3015.0,0.0003316749585406302
UCY30JRSgfhYXA6i6xX1erWg,1,26900000.0,2148.0,0.0004655493482309125
UCY3NEq2LYrmdoGkevo9BH5A,1,1330000.0,2593.0,0.0003856536829926726
UCY3TJECrA90t9YTrxhdjcVw,3,3930000.0,484.0,0.006198347107438017
UCY7dD6waquGnKTZSumPMTlQ,1,2360000.0,3089.0,0.0003237293622531564
UCYFvEPbFbDIVRiODrh1-x4g,1,505000.0,48.0,0.020833333333333332
UCYG6DQUw79szmnuNux_S8pg,2,2930000.0,61.0,0.03278688524590164
UCYLS9TSah19IsB8yyUpiDzg,10,3040000.0,270.0,0.037037037037037035
UCYPvAwZP8pZhSMW8qs7cVCw,8,10800000.0,268867.0,2.9754488278591273e-05
UCYUQQgogVeQY8cMQamhHJcg,5,9190000.0,1757.0,0.0028457598178713715
UCYVinkwSX7szARULgYpvhLw,1,19700000.0,4850.0,0.0002061855670103093
UCYenDLnIHsoqQ6smwKXQ7Hg,1,8490000.0,960.0,0.0010416666666666667
UCYpVqLSvfseUqb2URAkexlw,3,2830000.0,143.0,0.02097902097902098
UCYwyl0lfL0UzP-1LMtcoH-w,13,2770000.0,7951.0,0.0016350144635894855
UCYxRlFDqcWM4y7FfpiAN3KQ,15,2750000.0,1056.0,0.014204545454545454
UCZ-xaW1wnqubpkOLvOVKKOg,1,2040000.0,12620.0,7.92393026941363e-05
UCZ1Sc5xjWpUnp_o_lUTkvgQ,2,2670000.0,900.0,0.0022222222222222222
UCZ8RTD-1DWXzY3hXD0IrOKQ,3,521000.0,122.0,0.02459016393442623
UCZ8TREbPfawhSvayVe5pqKg,1,1710000.0,0.0,0.0
UCZ9m4KOh8Ei60428xeGYDCQ,18,4500000.0,304151.0,5.918113042534794e-05
UCZAf_In1A5Pq69Q8gbZqybA,1,449000.0,510.0,0.00196078431372549
UCZC45sBWNdkqSQ9Bwtt5lfA,2,2830000.0,603.0,0.003316749585406302
UCZFMm1mMw0F81Z37aaEzTUA,17,15300000.0,241981.0,7.025344965100566e-05
UCZIrDb4j3_dJf3G9jROboZQ,3,1460000.0,49.0,0.061224489795918366
UCZRIvleceNUxAQpVQdQwLAg,4,7920000.0,146.0,0.0273972602739726
UCZSNzBgFub_WWil6TOTYwAg,1,27800000.0,6086.0,0.00016431153466973383
UCZT_OWY9abyO3V9Rmdvh02w,29,6160000.0,41080.0,0.0007059396299902629
UCZW5lIUz93q_aZIkJPAC0IQ,3,6440000.0,1265.0,0.0023715415019762848
UCZYTClx2T1of7BRZ86-8fow,1,8280000.0,4001.0,0.00024993751562109475
UCZaT_X_mc0BI-djXOlfhqWQ,1,9250000.0,6707.0,0.0001490979573579842
UCZdGJgHbmqQcVZaJCkqDRwg,1,13200000.0,345.0,0.002898550724637681
UCZf__ehlCEBPop-_sldpBUQ,2,19500000.0,3644.0,0.0005488474204171241
UCZkURf9tDolFOeuw_4RD7XQ,1,18100000.0,364.0,0.0027472527472527475
UCZtDUmC3W7j25XHZWFT_XgQ,5,4250000.0,6608.0,0.0007566585956416465
UCZu46w3a5eSI7WMWmlkTfuw,1,5930000.0,4710.0,0.00021231422505307856
UCZxu0dMOx9JpYsWkyDwunAQ,1,7920000.0,5899.0,0.00016952025767079165
UCZzwjZPc6R_PbnDgFVMwlvQ,1,6410000.0,3308.0,0.0003022974607013301
UC_2irx_BQR7RsBKmUV9fePQ,47,7370000.0,295584.0,0.0001590072534372632
UC_3-FjGTc-6T-X_fwob06Gw,2,523000.0,13.0,0.15384615384615385
UC_5niPa-d35gg88HaS7RrIw,1,6430000.0,1338.0,0.0007473841554559044
UC_976xMxPgzIa290Hqtk-9g,2,6210000.0,490.0,0.004081632653061225
UC_A--fhX5gea0i4UtpD99Gg,1,2050000.0,6538.0,0.00015295197308045274
UC_A7K2dXFsTMAciGmnNxy-Q,5,58600000.0,10267.0,0.00048699717541638256
UC_F8DoJf9MZogEOU51TpTbQ,5,11000000.0,796.0,0.00628140703517588
UC_KQKeg7kNrlvrIXPnpwgEA,2,760000.0,810.0,0.0024691358024691358
UC_aUqqh2c9Z7ZTJ2CYmoE3g,6,3060000.0,1948.0,0.003080082135523614
UC_c7EFVXxmQMjj5E2CchGXg,1,3800000.0,185.0,0.005405405405405406
UC_fN8QapvzsTxrddAN3w9tw,1,1270000.0,157.0,0.006369426751592357
UC_gUM8rL-Lrg6O3adPW9K1g,1,10200000.0,235626.0,4.244013818508993e-06
UC_hoQDD6zKcIqpIYLsFbBeA,3,11600000.0,2018.0,0.0014866204162537165
UC_mneEC0wc29EGGmIsN_xLA,1,642000.0,644.0,0.0015527950310559005
UC_pwIXKXNm5KGhdEVzmY60A,3,11100000.0,13514.0,0.00022199200828770165
UC_uPAFZghRvM1W89Rt-opZw,1,554000.0,105.0,0.009523809523809525
UC_vcKmg67vjMP7ciLnSxSHQ,18,24500000.0,148.0,0.12162162162162163
UC_wIGmvdyAQLtl-U2nHV9rg,42,17300000.0,171974.0,0.000244222963936409
UC_zgOsTPdML6tol9hLYh4fQ,1,4330000.0,3635.0,0.0002751031636863824
UCa0E6gnhb3X0PhBHzX99CGg,3,2280000.0,1157.0,0.0025929127052722557
UCa10nxShhzNrCE1o2ZOPztg,1,30300000.0,3008.0,0.0003324468085106383
UCa6vGFO9ty8v5KZJXQxdhaw,55,21600000.0,7577.0,0.007258809555232942
UCaHNFIob5Ixv74f5on3lvIw,5,11500000.0,255.0,0.0196078431372549
UCaLfMkkHhSA_LaCta0BzyhQ,1,5340000.0,1878.0,0.0005324813631522897
UCaO16EyoX6_064H0txQ0vZQ,4,2030000.0,2985.0,0.001340033500837521
UCaQHxlbPAmh7VWRudyRkwjw,1,1540000.0,153.0,0.006535947712418301
UCaWd5_7JhbQBe4dknZhsHJg,1,25900000.0,31070.0,3.21853878339234e-05
UCaXkIU1QidjPwiAYu6GcHjg,1,9200000.0,103688.0,9.644317568088882e-06
UCabfiEzAwNHfShgmt2Y--Yw,1,562000.0,435.0,0.0022988505747126436
UCafVZzwtU8XUWbXGs4LYtdg,1,2290000.0,150.0,0.006666666666666667
UCajXeitgFL-rb5-gXI-aG8Q,5,6300000.0,3359.0,0.0014885382554331646
UCajqShAK-9PUjDahvJBjOYw,2,1470000.0,14219.0,0.00014065686757155918
UCamDqFg4KluuA2AS_R7X_Tw,1,178000.0,336.0,0.002976190476190476
UCatfiM69M9ZnNhOzy0jZ41A,26,9840000.0,1513.0,0.017184401850627893
UCaum3Yzdl3TbBt8YUeUGZLQ,2,12400000.0,111.0,0.018018018018018018
UCavTVjugW1OejDAq0aDzdMw,5,1280000.0,537.0,0.00931098696461825
UCax9CJCQ6aY0bntP3mcIWKQ,13,3370000.0,144.0,0.09027777777777778
UCaxOQZrF5llUMp-JjesUz1A,2,7290000.0,506.0,0.003952569169960474
UCb-xXZ7ltTvrh9C6DgB9H-Q,8,4950000.0,4938.0,0.0016200891049007696
UCbAwSkqJ1W_Eg7wr3cp5BUA,3,10200000.0,230.0,0.013043478260869565
UCbD8EppRX3ZwJSou-TVo90A,22,21900000.0,42462.0,0.0005181103103951769
UCbOCbp5gXL8jigIBZLqMPrw,2,3020000.0,64.0,0.03125
UCbSGbqIVds2FiYn-0v0AqSA,9,15800000.0,6885.0,0.00130718954248366
UCbTLwN10NoCU4WDzLf1JMOA,24,69600000.0,4700.0,0.005106382978723404
UCbaGn5VkOVlcRgIWAHcrJKA,2,12300000.0,2359.0,0.000847816871555744
UCbcxFkd6B9xUU54InHv4Tig,5,1910000.0,12675.0,0.0003944773175542406
UCbdwpGAxrQZUJkNhRv0THmw,1,80000.0,76.0,0.013157894736842105
UCblfuW_4rakIf2h6aqANefA,1,25200000.0,6723.0,0.00014874312063067083
UCbmu9wfzxKls40WkCzvqtRA,23,15700000.0,195.0,0.11794871794871795
UCbomPUMyPHCgrqD5iYnzj1A,7,38200000.0,7932.0,0.0008825012607160867
UCbu2SsF-Or3Rsn3NxqODImw,1,5640000.0,41009.0,2.4384891121461143e-05
UCc3b8uaQNySMagDbHsm52Tg,25,2430000.0,319.0,0.07836990595611286
UCc3z1e5lYfB-oYiDwL9mc1g,8,1210000.0,1900.0,0.004210526315789474
UCc6BTuuTzfMLKj_RgwuDnQw,1,1290000.0,39.0,0.02564102564102564
UCc8cHxAZ3jwWkrrDyaLwDUw,1,1990000.0,1446.0,0.0006915629322268327
UCcN-NDV03eHs6oLd1pe2r8w,2,2170000.0,183.0,0.01092896174863388
UCcYzLCs3zrQIBVHYA1sK2sw,8,12500000.0,4490.0,0.0017817371937639199
UCcdOEjqjiVAnUtEFZIRTlHg,2,4790000.0,93.0,0.021505376344086023
UCcgVECVN4OKV6DH1jLkqmcA,6,20900000.0,1531.0,0.003919007184846506
UCciKycgzURdymx-GRSY2_dA,1,753000.0,6159.0,0.0001623640201331385
UCcjhYlL1WRBjKaJsMH_h7Lg,1,6060000.0,1743.0,0.0005737234652897303
UCcjoLhqu3nyOFmdqF17LeBQ,1,2400000.0,4551.0,0.00021973192704900023
UCctjAAIUSW3DRS-5Phh_hgQ,1,1760000.0,742.0,0.0013477088948787063
UCcvNYxWXR_5TjVK7cSCdW-g,63,40400000.0,9312.0,0.0067654639175257734
UCcyq283he07B7_KUX07mmtA,2,10200000.0,7422.0,0.00026946914578280785
UCczFdwWpVEpoqb-eMm4c4dQ,1,15200000.0,899.0,0.0011123470522803114
UCd07rKJ7Q0pg5ths7Pz8k8Q,1,4280000.0,894.0,0.0011185682326621924
UCd1fLoVFooPeWqCEYVUJZqg,1,16400000.0,469.0,0.0021321961620469083
UCd3TI79UTgYvVEq5lTnJ4uQ,1,3270000.0,4400.0,0.00022727272727272727
UCd411wB1WD6dWFa6gszz_nA,1,1870000.0,226.0,0.004424778761061947
UCd534c_ehOvrLVL2v7Nl61w,1,8880000.0,2425.0,0.0004123711340206186
UCd9tH9PoTL_MuGdTgGTFcgw,1,88700.0,214.0,0.004672897196261682
UCdCj47cPTxr7GxeaBNkRmCA,1,1060000.0,6957.0,0.00014374011786689664
UCdDDI_RspwNf_0AADlThxYQ,4,3200000.0,49874.0,8.0202109315475e-05
UCdM8C3ufiI-i-I1XSugKVvg,3,2430000.0,14541.0,0.00020631318341242006
UCdMtj4CiqlZTgzFT5FdDd7A,26,4100000.0,32494.0,0.0008001477195789992
UCdVlI3zsHhvKKH4OEQVHyHA,1,256000.0,66.0,0.015151515151515152
UCdX3Zg1Ms16U4iXppvzrd4Q,1,62000.0,57.0,0.017543859649122806
UCdcemy56JtVTrsFIOoqvV8g,1,2370000.0,798.0,0.0012531328320802004
UCddiUEpeqJcYeBxX1IVBKvQ,6,3470000.0,5578.0,0.0010756543564001434
UCdiHpeH9fr4DMK_3wbUZapA,44,1620000.0,643.0,0.06842923794712286
UCdl_gZZR6BtKi45eHFGAduw,1,909000.0,45160.0,2.2143489813994687e-05
UCdtXPiqI2cLorKaPrfpKc4g,5,7440000.0,50934.0,9.816625436839831e-05
UCdxbhKxr8pyWTx1ExCSmJRw,25,5100000.0,550.0,0.045454545454545456
UCe1Nb-N6XgLFHfGxZjIkF8A,18,2740000.0,22003.0,0.0008180702631459347
UCe3I9BAVCzf9oACYU1EtrxA,3,3290000.0,173.0,0.017341040462427744
UCe3yZzUwpmy2eKKmF9svX0Q,2,42100000.0,6082.0,0.0003288391976323578
UCe4LM_eKc9ywRmVuBm5pjQg,6,15600000.0,2020.0,0.0029702970297029703
UCe52oeb7Xv_KaJsEzcKXJJg,5,11300000.0,54895.0,9.108297659167502e-05
UCe7UKRSJM6ITMfXX-CbET0w,1,4660000.0,1856.0,0.0005387931034482759
UCeD3VwVu0HzIkPbLwl1D_VA,2,606000.0,69.0,0.028985507246376812
UCeH6qE4V7n5tVwP7NkdrtJg,6,1590000.0,3736.0,0.0016059957173447537
UCeLHszkByNZtPKcaVXOCOQQ,2,28500000.0,167.0,0.011976047904191617
UCeMsqI6jU9WE2ctsrbxbywQ,14,20400000.0,182752.0,7.660654876554019e-05
UCeOrhhGAIu6IvNv8_WWMqHA,3,2080000.0,58.0,0.05172413793103448
UCeSRjhfeeqIgr--AcP9qhyg,1,13000000.0,2782.0,0.0003594536304816679
UCeTKJSW1NTAkf27nNmjWt5A,1,2870000.0,16481.0,6.067592985862509e-05
UCeTKpxSeEzmnEE2kIa8ijbw,1,6630000.0,931.0,0.0010741138560687433
UCeVBDgameAI0Qhf7leaPhYw,1,851000.0,110.0,0.00909090909090909
UCeY0bbntWzzVIaj2z3QigXg,3,11600000.0,84142.0,3.565401345344774e-05
UCe_vXdMrHHseZ_esYUskSBw,1,11900000.0,2804.0,0.0003566333808844508
UCef1-8eOpJgud7szVPlZQAQ,4,10100000.0,239928.0,1.6671668167116803e-05
UCehBsZIPmlXUedqF9bKRSqw,2,632000.0,1215.0,0.0016460905349794238
UCexoonWpGA1nwQctHsDv7ZQ,1,1950000.0,178.0,0.0056179775280898875
UCey_c7U86mJGz1VJWH5CYPA,3,7090000.0,2745.0,0.001092896174863388
UCf3cbfAXgPFL6OywH7JwOzA,1,7870000.0,326.0,0.003067484662576687
UCf40kH47yvowumzzK9LVKKg,3,7990000.0,4921.0,0.000609632188579557
UCf47je2ETRtgkhaVctg76Ew,16,1320000.0,596.0,0.026845637583892617
UCf52XN2UWpZu_mo5vyZ6RuA,11,1440000.0,68.0,0.16176470588235295
UCf8w5m0YsRa8MHQ5bwSGmbw,28,11200000.0,393411.0,7.117238714728363e-05
UCfAPTv1LgeEWevG8X_6PUOQ,2,1430000.0,11893.0,0.00016816614815437652
UCfIXdjDQH9Fau7y99_Orpjw,1,12400000.0,422.0,0.002369668246445498
UCfLdIEPs1tYj4ieEdJnyNyw,1,4670000.0,227.0,0.004405286343612335
UCfM3zsQsOnfWNUppiycmBuw,1,65800000.0,208.0,0.004807692307692308
UCfMJ2MchTSW2kWaT0kK94Yw,2,3030000.0,170.0,0.011764705882352941
UCfSAqqftdc7FM1SY5vJjKfA,2,4230000.0,397.0,0.005037783375314861
UCfYCRj25JJQ41JGPqiqXmJw,1,3790000.0,562.0,0.0017793594306049821
UCfaww9Q8C_-EaM0sXI8o-fA,32,2900000.0,82033.0,0.00039008691624102494
UCfbQgKWGkTqGie-arknW-Ew,1,1950000.0,192.0,0.005208333333333333
UCfdNM3NAhaBOXCafH7krzrA,1,15200000.0,5794.0,0.00017259233690024162
UCfgZg9Vl5AwedH14BYgLXTQ,11,4240000.0,254.0,0.04330708661417323
UCfhbydY40P2Lli9HuBz8cdA,23,4450000.0,751.0,0.03062583222370173
UCfkXDY7vwkcJ8ddFGz8KusA,4,15900000.0,3143.0,0.0012726694241170856
UCftwRNsjfRo08xYE31tkiyw,9,12500000.0,4081.0,0.0022053418279833373
UCfyKktpUgdV5xDEhakicCsw,1,6160000.0,7844.0,0.00012748597654258032
UCg4nOl7_gtStrLwF0_xoV0A,7,4920000.0,2001.0,0.0034982508745627187
UCgJMQU7JOIoP-YnrhH_P-bA,1,4040000.0,171.0,0.005847953216374269
UCgM1AQcoM5TRlzsm1e66vrQ,20,2610000.0,226.0,0.08849557522123894
UCgPClNr5VSYC3syrDUIlzLw,3,7800000.0,8446.0,0.0003551977267345489
UCgRQHK8Ttr1j9xCEpCAlgbQ,4,1750000.0,6134.0,0.0006521030322791001
UCgWfS_47YPVbKx5EK4FLm4A,1,3260000.0,913.0,0.001095290251916758
UCgg-eLaCQoWbYKWoZKLkbZw,4,267000.0,56918.0,7.027653817772937e-05
UCghooJjCGtg2Kw2PSB9B0NA,1,3720000.0,1698.0,0.0005889281507656066
UCgrNz-aDmcr2uuto8_DL2jg,1,3370000.0,142531.0,7.01601756810799e-06
UCgwv23FVv3lqh567yagXfNg,1,38000000.0,2957.0,0.00033818058843422386
UCh1bAdm-p_kpf_-a2vpCyHw,1,4710000.0,281.0,0.0035587188612099642
UCh5bICCatQ70Fx4-jwAmWKQ,10,4150000.0,94.0,0.10638297872340426
UCh6C5LG14uZKmwCgGxf-nDQ,1,1980000.0,488.0,0.0020491803278688526
UChDKyKQ59fYz3JO2fl0Z6sg,8,4880000.0,47252.0,0.00016930500296283754
UChEYVadfkMCfrKUi6qr3I1Q,1,9640000.0,673.0,0.0014858841010401188
UChJfh0Y4ycfMbf2SHQzRasg,1,478000.0,14185.0,7.049700387733522e-05
UChLtXXpo4Ge1ReTEboVvTDg,2,4800000.0,48143.0,4.154290343352097e-05
UChNurULFy_KFRjN0ogI8THg,3,4150000.0,157.0,0.01910828025477707
UChRi1dpwnsZcIo1LSwzY0Iw,16,6270000.0,3417.0,0.004682470002926544
UChWtJey46brNr7qHQpN6KLQ,57,5870000.0,12424.0,0.004587894397939472
UChYmSuQtdcVimTk7jmpq5rg,5,2920000.0,5359.0,0.000933009889904833
UChhOmdneC7x6mSIS5yQ_igg,1,409000.0,13409.0,7.457677679170706e-05
UChi08h4577eFsNXGd3sxYhw,22,5970000.0,13747.0,0.0016003491670910017
UChinYGIOSoSRJbCTHpfLHaw,24,927000.0,154.0,0.15584415584415584
UChoTvF02Cv74FF72OaJtTMA,1,6880000.0,72.0,0.013888888888888888
UChuLeaTGRcfzo0UjL-2qSbQ,1,1360000.0,20403.0,4.901240013723472e-05
UCi1m4TnmmXGUIY4roVtvjDA,129,5290000.0,34520.0,0.0037369640787949013
UCi2KNss4Yx73NG0JARSFe0A,1,4100000.0,219.0,0.0045662100456621
UCi7GJNg51C3jgmYTUwqoUXA,8,9080000.0,11695.0,0.0006840530141085934
UCi9cDo6239RAzPpBZO9y5SA,3,18000000.0,186.0,0.016129032258064516
UCiAH2s_M6nPfGZk-PpfyPkg,2,2150000.0,235191.0,8.503726758251805e-06
UCiAq_SU0ED1C6vWFMnw8Ekg,1,5930000.0,390.0,0.002564102564102564
UCiBr0bK06imaMbLc8sAEz0A,5,9200000.0,110816.0,4.511983829049957e-05
UCiKGMZZmZXK-RpbKJGXgH3Q,1,2250000.0,44725.0,2.2358859698155395e-05
UCiMhD4jzUqG-IgPzUmmytRQ,2,18700000.0,1447.0,0.00138217000691085
UCiPmhfdCL06cSVTXKabF0Zg,8,5560000.0,1779.0,0.004496908375491849
UCiWLfSweyRNmLpgEHekhoAg,18,14000000.0,98461.0,0.00018281349976132682
UCinjnmQEwCddOudyCC1v7qA,1,1380000.0,33450.0,2.9895366218236174e-05
UCintIUOJEktQBfhEI9XXpuw,34,15900000.0,38350.0,0.0008865710560625815
UCio_FVgKVgqcHrRiXDpnqbw,4,16900000.0,199.0,0.020100502512562814
UCix5CueW-c27eXl02gd7H0w,3,843000.0,722.0,0.004155124653739612
UCj07bxakzjSNSM0GRk_7KOA,1,1290000.0,156.0,0.00641025641025641
UCj22tfcQrWG7EMEKS0qLeEg,7,45200000.0,205.0,0.03414634146341464
UCj5RwDivLksanrNvkW0FB4w,5,27300000.0,89864.0,5.563963322353779e-05
UCj9DfRCLcjY9mFk29b2YyKw,1,560000.0,795.0,0.0012578616352201257
UCjBp_7RuDBUYbd1LegWEJ8g,3,5670000.0,14739.0,0.0002035416242621616
UCjD2KyAEm84yVH8cTilID7Q,4,2670000.0,2743.0,0.0014582573824279985
UCjF5ecCYXFDvR0UY9GcfnoA,15,5100000.0,14312.0,0.001048071548351034
UCjIA3wwhi0QjSOXAZwOXbPA,4,37800000.0,263.0,0.015209125475285171
UCjJKg01HAP01xCLVhDmnLhw,1,13700000.0,1359.0,0.0007358351729212656
UCjK8ORC71kwyj1DWFwril_A,3,14200000.0,221.0,0.013574660633484163
UCjOl2AUblVmg2rA_cRgZkFg,1,9400000.0,1790.0,0.0005586592178770949
UCjWs7BxyjO5SLqevxSmp4vQ,8,2480000.0,5134.0,0.0015582391897156214
UCjYO25ZVJT523TD1iYHzcbw,2,1610000.0,57.0,0.03508771929824561
UCjbBFvK04b-O3foSNabdrOA,4,4890000.0,117.0,0.03418803418803419
UCjjC1Jk_1o1VWpLalgo21XQ,5,3520000.0,219.0,0.0228310502283105
UCjuV-yJ3ceiHI4ixglXxksA,5,5800000.0,399.0,0.012531328320802004
UCjvlGpg8tXylzRqdFExxUZw,45,8750000.0,133960.0,0.0003359211704986563
UCjwmbv6NE4mOh8Z8VhPUx1Q,1,14800000.0,1826.0,0.000547645125958379
UCjz5l60A6aGwgEXMI0VCa6A,1,400000.0,63.0,0.015873015873015872
UCk0wwaFCIkxwSfi6gpRqQUw,2,4940000.0,131.0,0.015267175572519083
UCk1OAveiSUJjtQ8w4B_ayrA,3,1380000.0,16.0,0.1875
UCk9GmdlDTBfgGRb7vXeRMoQ,1,5530000.0,729.0,0.0013717421124828531
UCkKbVbcrRtUR8nK8mV309qw,9,2520000.0,18531.0,0.00048567265662943174
UCkLXELm63_pH7L-r-548kig,1,987000.0,388.0,0.002577319587628866
UCkS7Vxu4PjM99w0Is6idjcg,11,8350000.0,229.0,0.048034934497816595
UCkS8bfIrm38QCSQeOqRxR4A,2,10300000.0,762.0,0.0026246719160104987
UCknjSv8u-_2qpq2h2lHDNaQ,6,1330000.0,1505.0,0.003986710963455149
UCkvK_5omS-42Ovgah8KRKtg,1,15700000.0,436.0,0.0022935779816513763
UCkzCjdRMrW2vXLx8mvPVLdQ,1,8760000.0,9687.0,0.00010323113451016826
UCl47iLmJUzbgP8XyR-kRCQA,1,493000.0,23.0,0.043478260869565216
UCl5YgCiwSRVOiC2Nd1P9v1A,2,2940000.0,234802.0,8.517815010093612e-06
UClFSU9_bUb4Rc6OYfTt5SPw,12,6620000.0,2415.0,0.004968944099378882
UClG8odDC8TS6Zpqk9CGVQiQ,2,13200000.0,1757.0,0.0011383039271485487
UClJXNsEKylFoB4ae6tZ9z5Q,1,2450000.0,893.0,0.0011198208286674132
UClOf1XXinvZsy4wKPAkro2A,3,2960000.0,1130.0,0.002654867256637168
UClRx3MMyYUyqOxyEqA5F2nQ,1,1930000.0,142.0,0.007042253521126761
UClTG5vjtyA-FwiYjkr8bzPA,1,2500000.0,666.0,0.0015015015015015015
UClVY6MdQxTZUaMDL-dLQDcw,4,3770000.0,196.0,0.02040816326530612
UClVrJwcIy7saPcGc1nct80A,4,15400000.0,1246.0,0.0032102728731942215
UClZF7OsrECe3t_ADrjZEh_Q,25,36600000.0,806.0,0.031017369727047148
UClesqLjeKJd-dG8xLfzJyCQ,2,3520000.0,84.0,0.023809523809523808
UClfll_TO6FpOPLUg4Aawhlw,10,13700000.0,694.0,0.01440922190201729
UClt01z1wHHT7c5lKcU8pxRQ,1,1840000.0,69.0,0.014492753623188406
UClx2ih2Nx8enGmsMsA6C3BQ,4,2410000.0,101.0,0.039603960396039604
UCm1dsgJNnhaLkY3uAdqN4mA,2,11700000.0,344.0,0.005813953488372093
UCm1s2VS9BdyXL9FU4a-W_cQ,2,3030000.0,91.0,0.02197802197802198
UCm3FgJ2Hqm7tb70T-GfwXVA,3,2740000.0,272.0,0.011029411764705883
UCm3hAp1m1xlAz0ve_EKAo4g,2,33000000.0,915.0,0.002185792349726776
UCm7lHFkt2yB_WzL67aruVBQ,9,8550000.0,93810.0,9.593859929645028e-05
UCmAPdImtXLGh5E-lTTH4Qmg,117,14600000.0,28794.0,0.004063346530527193
UCmAyYoNuOheCdlHnsBsRu3w,20,2840000.0,3398.0,0.005885815185403178
UCmBA_wu8xGg1OfOkfW13Q0Q,1,51000000.0,190.0,0.005263157894736842
UCmKSr4RkQLqPPxSh2Y2xEdQ,2,11300000.0,462.0,0.004329004329004329
UCmKdSrwf1e8coqAzUsrVHZw,7,9410000.0,124.0,0.056451612903225805
UCmL2k3-xrYZkEkbYOlq-uaA,1,621000.0,1311.0,0.0007627765064836003
UCmOKlMHHTV4DX3t21j3itPw,1,1840000.0,127.0,0.007874015748031496
UCmbP8N4zqO9UJtO2cNCQ0jQ,1,77700.0,448.0,0.002232142857142857
UCme6XJ0pNj-zyVyYkAJikxw,6,1540000.0,464.0,0.01293103448275862
UCmgraatPo7ScrvCuQxNTG7g,1,2670000.0,266.0,0.0037593984962406013
UCmgvZnEAR3OCIoiSColVmZQ,2,780000.0,16.0,0.125
UCmjNKt6kITwaZTqvWuaSPLg,2,7420000.0,238857.0,8.37321074952796e-06
UCmnt4lY5v9EQDWWE89OXrhQ,25,1850000.0,473.0,0.052854122621564484
UCmqfX0S3x0I3uwLkPdpX03w,3,9200000.0,28285.0,0.0001060632844263744
UCmse5JbKneJqVyerfhDVYvQ,5,1620000.0,1145.0,0.004366812227074236
UCmvXfmJEtURCEtHNbMXfDqg,1,2110000.0,384.0,0.0026041666666666665
UCmxZw7N4Jyljr1RbSs4Ymaw,5,1930000.0,47137.0,0.00010607378492479369
UCn8zNIfYAQNdrFRrr8oibKw,1,19000000.0,4348.0,0.00022999080036798528
UCnHn3SzWLLimBjA79vDNTgQ,1,231000.0,13.0,0.07692307692307693
UCnJjcn5FrgrOEp5_N45ZLEQ,1,14400000.0,4342.0,0.00023030861354214648
UCnc6db-y3IU7CkT_yeVXdVg,3,8160000.0,146.0,0.02054794520547945
UCnj0TjaM0wyxkAWW_nz8_1g,1,2100000.0,6899.0,0.00014494854326714017
UCnkJqM6PA4WE8QQouruInAw,18,1940000.0,42003.0,0.00042854081851296334
UCnm5DH0oJndtA-6J10_jIEw,158,10700000.0,82348.0,0.0019186865497644145
UCnoqvTW4YZExfDeq7_Wmd-w,89,15400000.0,15205.0,0.005853337717855968
UCnprfRlJB7WE6zAEaOAfVYA,19,3140000.0,435.0,0.04367816091954023
UCnrG75VRwdlp2wtwfpOCBRQ,5,11800000.0,149.0,0.03355704697986577
UCnw6jUU0KaCjgAiRsbuiCgg,3,3680000.0,44393.0,6.757822179172393e-05
UCnyB9MYKRkSFK3IIB32CoVw,1,10900000.0,241.0,0.004149377593360996
UCnzJFckvQBA5nn9lMu08LWQ,1,1710000.0,33.0,0.030303030303030304
UCo07fumrTn1w4AxcU4j_uDw,5,17400000.0,3321.0,0.0015055706112616681
UCo6DJdltbIub80bLiyJRv3w,2,11500000.0,890.0,0.0022471910112359553
UCo8bcnLyZH8tBIH9V1mLgqQ,1,20600000.0,183.0,0.00546448087431694
UCoLrcjPV5PbUrUyXq5mjc_A,5,6710000.0,304693.0,1.6409960189436582e-05
UCoMum0pwewO8_WtTlUQxGHw,3,2570000.0,1004.0,0.00298804780876494
UCoRUmyNL8KEYftmxRA2n3SQ,3,4390000.0,328.0,0.009146341463414634
UCoUM-UJ7rirJYP8CQ0EIaHA,3,41900000.0,107.0,0.028037383177570093
UCoVwq0vh-XD8RrEyDZ0KeJw,1,8330000.0,1227.0,0.0008149959250203749
UCoY_p16GEbOQPgES1-wXpYg,10,12500000.0,9255.0,0.0010804970286331713
UCoYfzC2zMlc9M-Odgaf6OSg,4,6870000.0,61.0,0.06557377049180328
UCoZ4Dwbzbzp7e5ERGtmaWbw,2,882000.0,501.0,0.003992015968063872
UColJTBTSGqaaZr5NOk5r3Pg,3,5170000.0,220.0,0.013636363636363636
UCooQN8b9yPeNQgUFa9S5xew,15,1790000.0,947.0,0.01583949313621964
UCotI-SqRXnkAZX4bMqlRNjw,7,9720000.0,114269.0,6.125895912277171e-05
UCoxcjq-8xIDTYp3uz647V5A,1,4690000.0,778.0,0.0012853470437017994
UCoy3dQzEdq1y2zMnT4pdj3Q,1,22400000.0,33086.0,3.0224264039170645e-05
UCoyHoMLkbCAqz0F5Pgcg9Ew,21,2260000.0,502.0,0.04183266932270916
UCoziFm3M4sHDq1kkx0UwtRw,2,3800000.0,306.0,0.006535947712418301
UCp0PDmU9L_rqiD4nDH-P2Tg,1,6960000.0,62076.0,1.6109285392100005e-05
UCp0hYYBW6IMayGgR-WeoCvQ,69,38200000.0,18341.0,0.0037620631372335205
UCp68_FLety0O-n9QU6phsgw,1,13200000.0,434.0,0.002304147465437788
UCp8WoMOdQrSSPAJmQTGbNTw,7,4540000.0,1247.0,0.0056134723336006415
UCpEhnqL0y41EpW2TvWAHD7Q,97,187000000.0,160944.0,0.0006026941047817875
UCpHH-8jfIx4-xeW9d0eYU6g,2,4360000.0,297.0,0.006734006734006734
UCpIafFPGutTAKOBHMtGen7g,1,2980000.0,985.0,0.0010152284263959391
UCpJmBQ8iNHXeQ7jQWDyGe3A,2,3160000.0,749.0,0.0026702269692923898
UCpNzXJ5jpcJojC5mHQvGA8w,3,5600000.0,9605.0,0.00031233732431025507
UCpPOf9BQPwa4K11Zjxu1ZPw,12,2200000.0,144.0,0.08333333333333333
UCpU9EZn1Ll9kPpSuBsn4VyA,17,1430000.0,133.0,0.12781954887218044
UCpUGFVWVT7OK_hyo2hH-Ijw,10,637000.0,51.0,0.19607843137254902
UCpXLDGcGtqkC7MIF5sKYU0w,5,4250000.0,458.0,0.010917030567685589
UCpYF_3dMxbTukeCG2GsgPbA,3,6820000.0,11694.0,0.0002565418163160595
UCpYwuXwjTQfMA67gFa5rsmg,1,7070000.0,1778.0,0.0005624296962879641
UCpZVXyR7lix525VPi3Vc5mg,15,7980000.0,2293.0,0.0065416484954208464
UCp_r6Z-Oh0YTf-ym71z5Nqg,93,12300000.0,128795.0,0.0007220777204084009
UCpb_iJuhFe8V6rQdbNqfAlQ,3,24600000.0,585.0,0.005128205128205128
UCpdK1NLHxEUGXc1gq2NxkTw,9,9420000.0,2782.0,0.003235082674335011
UCpjhI-0FBMao7jSuafXuEjA,1,629000.0,109.0,0.009174311926605505
UCpko_-a4wgz2u_DgDgd9fqA,16,19800000.0,8055.0,0.0019863438857852266
UCpmD3iT-8TQzRuygIiS9bAw,1,13700000.0,334.0,0.0029940119760479044
UCppHT7SZKKvar4Oc9J4oljQ,17,95100000.0,217464.0,7.817385866166354e-05
UCpr5mSSUbIQU816dNjaDdyg,2,7070000.0,403.0,0.004962779156327543
UCpx_k19S2vUutWUUM9qmXEg,2,9410000.0,303.0,0.006600660066006601
UCq-Fj5jknLsUf-MWSy4_brA,62,305000000.0,24553.0,0.0025251496762106465
UCq0OueAsdxH6b8nyAspwViw,9,10600000.0,3022.0,0.0029781601588352085
UCq0grzC77X9UZd9xngQRTjg,3,1280000.0,5484.0,0.0005470459518599562
UCq18eeL7D9Vd8DhjMcLh9QQ,3,1340000.0,13936.0,0.00021526980482204362
UCq3Ci-h945sbEYXpVlw7rJg,1,23000000.0,280.0,0.0035714285714285713
UCq6aw03lNILzV96UvEAASfQ,3,5520000.0,435.0,0.006896551724137931
UCq6f9bBWaWTHl0FhH167RgA,19,2020000.0,1356.0,0.014011799410029498
UCq7OHvWO6Z3u-LztFdrcU-g,1,4390000.0,501.0,0.001996007984031936
UCqC_GY2ZiENFz2pwL0cSfAw,1,7400000.0,766.0,0.0013054830287206266
UCqECaJ8Gagnn7YCbPEzWH6g,5,61600000.0,629.0,0.00794912559618442
UCqFzWxSCi39LnW1JKFR3efg,37,16200000.0,9466.0,0.003908725966617368
UCqQo7ewe87aYAe7ub5UqXMw,1,17500000.0,23794.0,4.202740186601664e-05
UCqa2MPu8bLY1PwVFUpSyVhQ,1,5640000.0,1048.0,0.0009541984732824427
UCqf-kTp9ERV5T1rPayno7LA,1,2220000.0,26.0,0.038461538461538464
UCqf2gzmKtH3PaAbt-qgFFsw,1,8460000.0,9912.0,0.00010088781275221953
UCqg2eLFNUu3QN3dttNeOWkw,1,7120000.0,4737.0,0.00021110407430863416
UCqgts67ZwDd-gAasDQbZrnQ,2,5450000.0,6035.0,0.00033140016570008286
UCqnbDFdCpuN8CMEg0VuEBqA,2,4850000.0,10156.0,0.00019692792437967703
UCqoAEDirJPjEUFcF2FklnBA,1,5090000.0,1577.0,0.0006341154090044388
UCqoUtFTzx-fcFDdZLOGwL_w,2,3800000.0,835.0,0.0023952095808383233
UCqow9MwWxJyKZfWbZ-JFI7Q,16,3020000.0,5284.0,0.003028009084027252
UCqwUrj10mAEsqezcItqvwEw,10,26600000.0,194.0,0.05154639175257732
UCr-gTfI7au9UaEjNCbnp_Nw,4,7610000.0,122.0,0.03278688524590164
UCrFB54bqp8sda4udJyNswlA,2,4830000.0,127.0,0.015748031496062992
UCrHL_BF5lHyK43BxLU8-vBQ,3,13000000.0,271.0,0.01107011070110701
UCrIIH7yHQugaUuoTZDoEUuQ,8,3080000.0,63.0,0.12698412698412698
UCrTNhL_yO3tPTdQ5XgmmWjA,16,1590000.0,882.0,0.018140589569160998
UCraQil5ACBUjKpIx7MxkuEg,1,2800000.0,420.0,0.002380952380952381
UCrfkB8kEd58c9wWGWsWIwEA,10,2500000.0,291.0,0.03436426116838488
UCrpP1PNFmt_Z5fj3n2v4GqA,1,1620000.0,88886.0,1.1250365636883198e-05
UCrwE8kVqtIUVUzKui2WVpuQ,1,6260000.0,49248.0,2.0305393112410655e-05
UCrwmu-gceGOmtZeuTsn7DlQ,1,3810000.0,134.0,0.007462686567164179
UCrzyJYtjLOTfnUur8hsr7ow,2,6570000.0,9744.0,0.00020525451559934318
UCs6eXM7s8Vl5WcECcRHc2qQ,1,11900000.0,20.0,0.05
UCs95gwav7frv5HTVqAGa7uQ,1,2020000.0,13938.0,7.174630506528914e-05
UCsBEsq8oQ61St7LLwax1t5g,14,8650000.0,14835.0,0.0009437141894169194
UCsEj8E122ibbJetQe8BoV7g,1,692000.0,250.0,0.004
UCsEukrAd64fqA7FjwkmZ_Dw,3,8100000.0,3695.0,0.0008119079837618403
UCsFkInl7eWF0mkBbT2ATbNA,1,540000.0,52.0,0.019230769230769232
UCsN8M73DMWa8SPp5o_0IAQQ,1,11700000.0,2680.0,0.00037313432835820896
UCsNdeLwEZf86swPD3qJJ7Dw,8,17300000.0,245721.0,3.255724988910187e-05
UCsP7Bpw36J666Fct5M8u-ZA,2,4960000.0,549.0,0.0036429872495446266
UCsQBsZJltmLzlsJNG7HevBg,2,7890000.0,105.0,0.01904761904761905
UCsT0YIqwnpJCM-mx7-gSA4Q,1,43600000.0,244712.0,4.086436300630946e-06
UCsTcErHg8oDvUnTzoqsYeNw,12,24700000.0,2422.0,0.00495458298926507
UCsVcseUYbYjldc-XgcsiEbg,1,4080000.0,14147.0,7.06863646002686e-05
UCsXfDf1CDgU3SCt0gxJNXGg,4,6060000.0,87.0,0.04597701149425287
UCs_6gVNVQOgq6MGDdt3h8HQ,1,115000.0,42.0,0.023809523809523808
UCsaoYBUHz_lVB_dOmFwA9Zw,38,5420000.0,98824.0,0.0003845219784667692
UCsgv2QHkT2ljEixyulzOnUQ,4,3270000.0,3987.0,0.001003260596940055
UCsooa4yRKGN_zEE8iknghZA,1,22000000.0,2303.0,0.0004342162396873643
UCsqjHFMB_JYTaEnf_vmTNqg,1,5010000.0,2154.0,0.00046425255338904364
UCssD3_aDYhaG44mwP53CO0w,1,7550000.0,253.0,0.003952569169960474
UCstEtN0pgOmCf02EdXsGChw,12,53900000.0,247689.0,4.844785194336446e-05
UCsv4YOF2RBYh0NQ1vuHQ-hg,3,2370000.0,11332.0,0.0002647370278856336
UCsvSj8bT4xqQecl_5nh_cwQ,1,9450000.0,95.0,0.010526315789473684
UCsvn_Po0SmunchJYOWpOxMg,3,7570000.0,949.0,0.003161222339304531
UCswH8ovgUp5Bdg-0_JTYFNw,2,6770000.0,4862.0,0.00041135335252982314
UCswIOlMY2_DT05glwBsxZyg,40,2880000.0,6061.0,0.006599571027883187
UCt1NkWxPPMDagieLrz0cSTA,1,3660000.0,2921.0,0.00034234851078397807
UCt2JXOLNxqry7B_4rRZME3Q,3,12200000.0,4836.0,0.0006203473945409429
UCt4atlExw8aj3Bm79nv1fig,3,36000000.0,70.0,0.04285714285714286
UCt4t-jeY85JegMlZ-E5UWtA,67,73700000.0,517609.0,0.00012944133506179374
UCtEnS6HGyK1oe71sxbJuhcw,1,500000.0,114.0,0.008771929824561403
UCtI0Hodo5o5dUb67FeUjDeA,3,6790000.0,538.0,0.0055762081784386614
UCtUbO6rBht0daVIOGML3c8w,1,2070000.0,70.0,0.014285714285714285
UCteMJzhMoMh1-WN6d2u6NEg,1,1520000.0,161.0,0.006211180124223602
UCtgGOdTlM-NdJ9rPKIYN8UQ,4,10000000.0,191.0,0.020942408376963352
UCticaNjYGCpYXyo4BxM3RWQ,9,5650000.0,624.0,0.014423076923076924
UCtinbF-Q-fVthA0qrFQTgXQ,23,12600000.0,1118.0,0.020572450805008944
UCtnSBeKEA0swUnGHQ08SibQ,6,1140000.0,4740.0,0.0012658227848101266
UCtpDorOuxwQ1URGQ0WLIXmQ,5,6250000.0,117.0,0.042735042735042736
UCttspZesZIDEwwpVIgoZtWQ,41,49200000.0,88014.0,0.00046583498079850934
UCu5jfQcpRLm9xhmlSd5S8xw,2,6030000.0,2592.0,0.0007716049382716049
UCuB112ZHY1iygcDEHRg6P5Q,7,5320000.0,1448.0,0.004834254143646409
UCuB7zkQVpcPKzHYJn45vM9w,24,13100000.0,9192.0,0.0026109660574412533
UCuFFtHWoLl5fauMMD5Ww2jA,1,4390000.0,40526.0,2.4675516952080145e-05
UCuFwzKrS0wE43CSkyaHBGiQ,7,13600000.0,3344.0,0.0020933014354066986
UCuPivVjnfNo4mb3Oog_frZg,4,1640000.0,827.0,0.0048367593712212815
UCuUGWPQIfEBdGXx67myk6hQ,4,1020000.0,153.0,0.026143790849673203
UCuaErUDVKd4ftDWsImhCQuw,4,1200000.0,577.0,0.006932409012131715
UCucot-Zp428OwkyRm2I7v2Q,2,24000000.0,667.0,0.0029985007496251873
UCudeRz9YntRrmKBSqnHyKGQ,1,4760000.0,433.0,0.0023094688221709007
UCugwC12zllpi9zJoUP5ZVyw,7,2590000.0,1439.0,0.004864489228630994
UCuhAUMLzJxlP1W7mEk0_6lA,1,6870000.0,1206.0,0.0008291873963515755
UCuhwvTYFvVZjyBVXc9T7CrA,1,2890000.0,419.0,0.002386634844868735
UCumtYpCY26F6Jr3satUgMvA,48,9610000.0,462371.0,0.00010381273912074936
UCuouUWCLmpG4Dje3Ay0p1oQ,1,7250000.0,350.0,0.002857142857142857
UCupvZG-5ko_eiXAupbDfxWw,14,18700000.0,176101.0,7.949983248249584e-05
UCuuU2L90sqhQahV1IkhCPaQ,1,2590000.0,2252.0,0.0004440497335701599
UCuwdplPbuTFZj_64d03tSBA,2,7060000.0,390.0,0.005128205128205128
UCuzS3rPQAYqHcLWqOFuY0pw,24,25900000.0,398037.0,6.0295902139750826e-05
UCv98nH5lII-twQqyvFVRe8Q,2,2940000.0,70382.0,2.8416356454775368e-05
UCvC4D8onUfXzvjTOM-dBfEA,20,21800000.0,9969.0,0.0020062192797672784
UCvCyIiKSCA1fHKSCOKJyjXA,30,7280000.0,1459.0,0.0205620287868403
UCvM1hVcRJmVWDtATYarC0KA,2,4210000.0,1044.0,0.0019157088122605363
UCvOWPtI6cTOkSNvBS1hBSww,1,3460000.0,2636.0,0.00037936267071320183
UCvUctuMp58UD_kQtcWcNCjw,14,16600000.0,2500.0,0.0056
UCvVuqRzGVqRlmZYlTf99M_w,4,6660000.0,620.0,0.0064516129032258064
UCv_s-FKXBwsq1zy4GCR3Ycw,1,798000.0,1994.0,0.0005015045135406219
UCvebOuGWNvuUpZBzpV_Bc9Q,1,4940000.0,35.0,0.02857142857142857
UCvfqpaehdaqtkXPNhvJRyGA,1,564000.0,909.0,0.0011001100110011
UCvhQPdeTHzIRneScV8MIocg,1,10700000.0,274.0,0.0036496350364963502
UCvmijL-eepDVHYSJHDY3d6w,5,1400000.0,474.0,0.010548523206751054
UCvn-HVrAGYEKsVx6gW3MeNQ,3,3500000.0,3197.0,0.0009383797309978105
UCvrhwpnp2DHYQ1CbXby9ypQ,99,27700000.0,133130.0,0.0007436340419139187
UCw5hxC9BldHV8cU8PgbNY9g,1,12700000.0,413.0,0.002421307506053269
UCw6qK47Hh_Mhy1ubt4DeASw,4,13100000.0,3687.0,0.0010848928668294006
UCw7FkXsC00lH2v2yB5LQoYA,1,4250000.0,3984.0,0.000251004016064257
UCw7xjxzbMwgBSmbeYwqYRMg,109,46800000.0,33067.0,0.0032963377385308618
UCwUtwxkX0IDk9_OYaBcmRnQ,3,1200000.0,90.0,0.03333333333333333
UCwXrBBZnIh2ER4lal6WbAHw,17,5920000.0,279866.0,6.074335574882265e-05
UCweazuUMMKdL2wwSyrxla9A,3,5150000.0,70.0,0.04285714285714286
UCwmZiChSryoWQCZMIQezgTg,3,14000000.0,3147.0,0.0009532888465204957
UCwppdrjsBPAZg5_cUwQjfMQ,7,22900000.0,165.0,0.04242424242424243
UCwqusr8YDwM-3mEYTDeJHzw,1,7310000.0,164219.0,6.089429359574714e-06
UCx0L2ZdYfiq-tsAXb8IXpQg,2,702000.0,82.0,0.024390243902439025
UCx1f1u4XlFFr0YgqF3wB4lQ,2,6730000.0,124.0,0.016129032258064516
UCx5e1u7BX0aKwEj3sdYXdXg,2,811000.0,6010.0,0.00033277870216306157
UCx8Z14PpntdaxCt2hakbQLQ,19,34400000.0,74084.0,0.00025646563360509693
UCxAICW_LdkfFYwTqTHHE0vg,2,11500000.0,5333.0,0.0003750234389649353
UCxGRSwwWDtOjXUn0xcNJmjg,2,2090000.0,48.0,0.041666666666666664
UCxJcrDUc8awRSLzLbnIiAmQ,89,24900000.0,58703.0,0.001516106502223055
UCxJrnvfqSSvly5hiq2Fe68g,2,1610000.0,2847.0,0.0007024938531787847
UCxMAbVFmxKUVGAll0WVGpFw,5,20100000.0,198.0,0.025252525252525252
UCxSz6JVYmzVhtkraHWZC7HQ,1,16700000.0,154.0,0.006493506493506494
UCxX9wt5FWQUAAz4UrysqK9A,1,1950000.0,112.0,0.008928571428571428
UCxhPXCaIGhyt2HOrJkoVuGA,136,1830000.0,4778.0,0.028463792381749686
UCxmNWF8fQ4miqfGs84dFVrg,1,5810000.0,890.0,0.0011235955056179776
UCxnuocYtHU8Sxo14SOOGveg,1,3650000.0,209.0,0.004784688995215311
UCxzC4EngIsMrPmbm6Nxvb-A,1,1810000.0,2894.0,0.0003455425017277125
UCy3ExvdZmbE--vRbUUSe_2A,1,5900000.0,147.0,0.006802721088435374
UCy5FUarBYUHFpPtYVuvzgcA,2,5740000.0,96.0,0.020833333333333332
UCy6El3LYdeAzdHbYs4S_1kg,5,2490000.0,549.0,0.009107468123861567
UCy6kyFxaMqGtpE3pQTflK8A,2,2930000.0,2439.0,0.0008200082000820008
UCyFZMEnm1il5Wv3a6tPscbA,3,12300000.0,3630.0,0.0008264462809917355
UCyQ_pkccmIIE6pEAWIC7dcw,19,1470000.0,89.0,0.21348314606741572
UCyXTmEh_ftszgyO3FTe4-jA,13,4670000.0,436.0,0.02981651376146789
UCycyxZMoPwg9cuRDMyQE7PQ,30,7250000.0,43123.0,0.0006956844375391322
UCyjuFsbclXyntSRMBAILzbw,2,6690000.0,213.0,0.009389671361502348
UCz-iDa_Z-GWaZ_YweEus6iw,17,7690000.0,172.0,0.09883720930232558
UCz0Qnv6KczUe3NH1wnpmqhA,1,2690000.0,803.0,0.0012453300124533001
UCz2si8w1MqVtl1moygyGqpQ,23,9330000.0,837.0,0.027479091995221028
UCz3I_sh4IqR4rPG-NURhTYg,1,7610000.0,5624.0,0.00017780938833570413
UCz3Mq_cS7AVRatrpGQi7QUQ,4,3340000.0,298.0,0.013422818791946308
UCz8QaiQxApLq8sLNcszYyJw,3,8830000.0,60541.0,4.955319535521382e-05
UCz97F7dMxBNOfGYu3rx8aCw,9,7810000.0,5324.0,0.0016904583020285499
UCz9yS18zJGQObwUL_K-ICnw,1,3900000.0,134.0,0.007462686567164179
UCzH3iADRIq1IJlIXjfNgTpA,2,8990000.0,4458.0,0.00044863167339614175
UCzJIliq68IHSn-Kwgjeg2AQ,1,3450000.0,1084.0,0.0009225092250922509
UCzL6rJhkoXkIt0fCv9T9_uA,3,20300000.0,2561.0,0.0011714174150722373
UCzNq9i-DlDDBLjPerVzJW-A,7,2270000.0,386.0,0.018134715025906734
UCzQUP1qoWDoEbmsQxvdjxgQ,7,20300000.0,3471.0,0.002016709881878421
UCzQr2dWkS6T6xHRqYOMxQ7A,2,219000.0,506.0,0.003952569169960474
UCzR_54cXZM6JoUPz4jfZUPg,4,953000.0,856.0,0.004672897196261682
UCzSSoloGEz10HALUAbYhngQ,1,3980000.0,10681.0,9.362419249133976e-05
UCzT17-Lvc5L_gIT10JQsjSA,1,2340000.0,435.0,0.0022988505747126436
UCzTKskwIc_-a0cGvCXA848Q,2,14900000.0,925.0,0.002162162162162162
UCzUYuC_9XdUUdrnyLii8WYg,19,3980000.0,157.0,0.12101910828025478
UCzcRQ3vRNr6fJ1A9rqFn7QA,11,5080000.0,7813.0,0.001407909893766799
UCzco9CewPf0F-SP1p6LhWrw,1,2670000.0,579.0,0.0017271157167530224
UCzee67JnEcuvjErRyWP3GpQ,1,10200000.0,9677.0,0.00010333781130515655
UCzgxx_DM2Dcb9Y1spb9mUJA,6,18600000.0,2294.0,0.0026155187445510027
UCzh5hQc_O3r3xjh9sXrM7-A,75,4800000.0,2168.0,0.03459409594095941
UCzhhvdUDJyVQL7qddS60lSg,1,3570000.0,2006.0,0.0004985044865403788
UCzw-C7fNfs018R1FzIKnlaA,5,16700000.0,776.0,0.006443298969072165
